605,US,NY,Valhalla,10595,41.0877,-73.7768,501,914
606,US,PA,Pittsburgh,15222,40.4495,-79.988,508,412
607,US,MO,Bridgeton,63044,38.7667,-90.4201,609,314
608,US,CA,San Francisco,94124,37.7312,-122.3826,807,415
609,US,NY,New York,10017,40.7528,-73.9725,501,212
610,US,PA,Bear Lake,16402,41.9491,-79.4448,516,814
611,US,NJ,Piscataway,8854,40.5516,-74.4637,501,732
612,US,NY,Keuka Park,14478,42.5669,-77.1325,555,315
613,US,VT,Brattleboro,5302,42.8509,-72.5579,506,802
614,US,MA,Hanscom Afb,1731,42.4585,-71.2752,506,781
615,US,TN,Nashville,37203,36.1473,-86.777,659,615
616,US,CT,Bethel,6801,41.3807,-73.3915,501,203
617,US,NY,Jamaica,11432,40.7148,-73.7939,501,718
618,US,NY,New York,10013,40.7214,-74.0052,501,212
619,US,MI,Saginaw,48607,43.4312,-83.9337,513,989
620,US,CA,San Jose,95126,37.3239,-121.9144,807,408
621,US,MA,Haverhill,1835,42.753,-71.0861,506,978
622,US,PA,Pittsburgh,15219,40.4426,-79.977,508,412
623,US,IL,Chicago,60611,41.9288,-87.6315,602,312
624,US,VA,Richmond,23230,37.5858,-77.4888,556,804
625,US,NJ,Somerset,8873,40.4981,-74.5245,501,732
626,US,OH,Wilmington,45177,39.4611,-83.8172,515,937
627,US,NY,New York,10019,40.7662,-73.9862,501,212
628,US,TX,Mckinney,75071,33.2542,-96.6863,623,972
629,US,TX,Round Rock,78664,30.5174,-97.6304,635,512
630,US,NY,Jamaica,11434,40.6763,-73.7752,501,718
631,US,MI,Dearborn,48126,42.3295,-83.1908,505,313
632,US,NY,New York,10016,40.7449,-73.9782,501,212
633,US,NY,New York,10036,40.7605,-73.9933,501,212
634,US,NY,New York,10022,40.7588,-73.968,501,212
635,US,NY,Rego Park,11374,40.7235,-73.8612,501,718
636,US,NJ,Fort Lee,7024,40.8483,-73.9725,501,201
637,US,NY,Woodside,11377,40.7482,-73.9068,501,718
638,US,PA,Lehigh Valley,18002,40.6934,-75.4712,504,610
639,US,MD,Glen Burnie,21061,39.1626,-76.6316,512,410
640,US,MA,Boston,2116,42.3496,-71.0746,506,617
641,US,VA,Hampton,23666,37.0627,-76.4052,544,757
642,US,CA,Carlsbad,92009,33.0958,-117.2721,825,760
643,US,PA,Philadelphia,19102,39.9524,-75.1653,504,215
644,US,IL,Chicago,60610,41.8998,-87.6368,602,312
645,US,CT,Greenwich,6831,41.0821,-73.6636,501,203
647,US,TX,The Colony,75056,33.0735,-96.9032,623,972
648,US,NJ,Fairfield,7004,40.8767,-74.2974,501,973
649,US,NC,Rocky Mount,27801,35.9216,-77.7315,560,252
650,US,CA,San Jose,95124,37.2555,-121.9245,807,408
651,US,VA,Reston,20190,38.9599,-77.3428,511,703
652,US,OH,Westerville,43081,40.1071,-82.8981,535,614
653,US,TX,San Marcos,78666,29.8729,-98.014,635,512
654,US,TX,Austin,78745,30.2058,-97.8002,635,512
655,US,NY,New York,10153,40.7637,-73.9727,501,212
656,US,IN,Indianapolis,46214,39.793,-86.2853,527,317
657,US,NY,New York,10178,40.7514,-73.9785,501,212
658,US,AZ,Chandler,85225,33.3233,-111.8244,753,480
659,US,NJ,Somerville,8876,40.5918,-74.705,501,908
660,US,NY,New York,10018,40.7553,-73.9924,501,212
661,US,PA,Blue Bell,19422,40.1576,-75.2757,504,215
662,US,IL,Granville,61326,41.2563,-89.222,675,815
663,US,CA,Beverly Hills,90212,34.0607,-118.4032,803,310
664,US,MD,Silver Spring,20904,39.0649,-76.9798,511,301
665,US,IL,Huntley,60142,42.1759,-88.4608,602,847
666,US,VT,Williston,5495,44.4235,-73.0854,523,802
667,US,TX,Dallas,75207,32.7825,-96.8207,623,214
668,US,FL,Boca Raton,33487,26.4095,-80.0942,548,561
669,US,MA,Amesbury,1913,42.8541,-70.9521,506,978
670,US,NJ,New Brunswick,8901,40.4835,-74.4432,501,732
671,US,CA,Los Angeles,90015,34.0396,-118.2661,803,213
672,US,NJ,Edison,8837,40.5186,-74.3499,501,732
673,US,NJ,Cape May,8204,38.9834,-74.9025,504,609
674,US,NJ,Berkeley Heights,7922,40.6766,-74.4202,501,908
675,US,NY,Albany,12203,42.6849,-73.8318,532,518
676,US,NJ,Edison,8817,40.5183,-74.3969,501,732
677,US,NJ,Saddle Brook,7663,40.9028,-74.096,501,201
678,US,NJ,South Plainfield,7080,40.5722,-74.4134,501,908
679,US,NJ,Iselin,8830,40.5692,-74.3157,501,732
680,US,NY,Hempstead,11550,40.6963,-73.6207,501,516
681,US,NY,New York,10011,40.7421,-74.0018,501,212
682,US,NJ,Moorestown,8057,39.9757,-74.9439,504,856
683,US,NJ,Riverside,8075,40.0178,-74.9449,504,856
684,US,MO,Joplin,64804,37.017,-94.4933,603,417
685,US,NC,Durham,27713,35.8896,-78.9244,560,919
686,US,NJ,Thorofare,8086,39.8502,-75.1895,504,856
687,US,CA,San Diego,92121,32.9014,-117.2079,825,858
688,US,NC,Matthews,28106,35.1168,-80.7237,517,704
689,US,CT,Bristol,6010,41.6816,-72.9405,533,860
690,US,TN,Memphis,38103,35.185,-90.0936,640,901
691,US,CA,San Jose,95113,37.3338,-121.8915,807,408
692,US,NY,New York,10021,40.7694,-73.9609,501,212
693,US,NY,Brooklyn,11205,40.6981,-73.9571,501,718
694,US,TX,Sherman,75092,33.6383,-96.7245,657,903
695,US,NY,Westbury,11590,40.757,-73.5814,501,516
696,US,NY,New York,10014,40.733,-74.0078,501,212
697,US,PA,King Of Prussia,19406,40.0902,-75.3937,504,610
698,US,IN,Indianapolis,46260,39.895,-86.1804,527,317
699,US,NY,Uniondale,11556,40.7548,-73.6018,501,516
700,US,MA,Cambridge,2141,42.37,-71.0812,506,617
701,US,FL,Miami,33169,25.9388,-80.2144,528,305
702,US,CA,Irvine,92606,33.7011,-117.797,803,949
703,US,OH,Columbus,43207,39.8928,-82.9588,535,614
704,US,NJ,Jersey City,7310,40.7291,-74.0386,501,201
705,US,NY,New York,10119,40.7505,-73.9931,501,212
706,US,OH,Findlay,45840,41.0221,-83.6789,547,419
707,US,MA,Danvers,1923,42.5767,-70.9549,506,978
708,US,CT,Branford,6405,41.2864,-72.7956,533,203
709,US,RI,Providence,2903,41.8195,-71.4107,521,401
710,US,MA,Waltham,2451,42.403,-71.259,506,781
711,US,MA,Middleton,1949,42.6025,-71.0119,506,978
712,US,MA,Chelsea,2150,42.3997,-71.0316,506,617
713,US,NY,New York,10168,40.7517,-73.9772,501,212
714,US,TN,Memphis,38141,35.0145,-89.8542,640,901
715,US,MA,Newburyport,1950,42.8135,-70.886,506,978
716,US,MA,Bedford,1730,42.4878,-71.2764,506,781
717,US,OR,North Bend,97459,43.4836,-124.1633,801,541
718,US,MA,Medway,2053,42.1556,-71.4268,506,508
719,US,NY,Bronx,10462,40.8424,-73.8556,501,718
720,US,MA,Woburn,1801,42.4897,-71.1595,506,781
721,US,NJ,Middletown,7748,40.3965,-74.1075,501,732
722,US,MA,Dedham,2026,42.2451,-71.184,506,781
723,US,MA,North Andover,1845,42.6723,-71.0837,506,978
724,US,NH,Laconia,3246,43.5645,-71.482,506,603
725,US,MA,Merrimac,1860,42.8374,-71.0121,506,978
726,US,NY,Syracuse,13214,43.0347,-76.0729,555,315
727,US,MA,Boston,2108,42.3571,-71.0655,506,617
728,US,TX,Addison,75001,32.9603,-96.83,623,972
729,US,MA,Norwell,2061,42.1508,-70.8228,506,781
730,US,MA,Boston,2215,42.3451,-71.0993,506,617
731,US,ME,Lewiston,4240,44.0845,-70.1696,500,207
732,US,TX,Dallas,75261,32.7673,-96.7776,623,972
733,US,MA,Cambridge,2139,42.3646,-71.1028,506,617
734,US,MA,Boston,2210,42.3477,-71.0384,506,617
735,US,MA,Burlington,1803,42.5051,-71.2047,506,781
736,US,MA,Belmont,2478,42.3955,-71.1816,506,617
737,US,OR,Beaverton,97006,45.5222,-122.8593,820,503
738,US,MA,Watertown,2472,42.3722,-71.1787,506,617
739,US,MA,Boston,2109,42.3605,-71.0548,506,617
740,US,PA,Philadelphia,19104,39.9597,-75.1968,504,215
741,US,TX,Bowie,76230,33.5368,-97.9683,623,940
742,US,NJ,Morristown,7960,40.7684,-74.4942,501,973
743,US,DC,Washington,20024,38.8749,-77.0325,511,202
744,US,MA,Cambridge,2138,42.38,-71.1329,506,617
745,US,NY,Staten Island,10312,40.5453,-74.1786,501,718
746,US,PA,North Wales,19454,40.2216,-75.238,504,215
747,US,IN,Indianapolis,46204,39.7724,-86.16,527,317
748,US,MI,Waterford,48328,42.6465,-83.3554,505,248
749,US,MI,Okemos,48864,42.7042,-84.4098,551,517
750,US,IN,Indianapolis,46268,39.9042,-86.2341,527,317
751,US,OH,Celina,45822,40.5345,-84.6289,542,419
752,US,IL,Chicago,60661,41.8825,-87.6441,602,312
753,US,MN,Shakopee,55379,44.7467,-93.5004,613,952
754,US,FL,Clearwater,33759,27.9839,-82.7181,539,727
755,US,NE,Omaha,68137,41.2079,-96.1183,652,402
756,US,NJ,Washington,7882,40.752,-75.0072,501,908
757,US,CA,San Francisco,94105,37.7898,-122.3942,807,415
758,US,SC,Shaw A F B,29152,33.9753,-80.461,546,803
759,US,CA,Mountain View,94041,37.3885,-122.0741,807,650
760,US,AL,Fort Payne,35967,34.4018,-85.7095,691,256
761,US,NC,Sanford,27330,35.5153,-79.2007,560,919
762,US,TX,Irving,75039,32.8795,-96.9398,623,972
763,US,TX,Austin,78723,30.3042,-97.6857,635,512
764,US,MI,Traverse City,49684,44.7805,-85.7289,540,231
765,US,NC,Hickory,28602,35.6767,-81.385,517,828
766,US,IL,Chicago,60614,41.9224,-87.6524,602,773
767,US,GA,Atlanta,30345,33.8477,-84.2814,524,404
768,US,NY,Syracuse,13202,43.044,-76.1518,555,315
769,US,MI,Albion,49224,42.2935,-84.7509,563,517
770,US,IN,South Bend,46634,41.6834,-86.25,588,574
771,US,IL,Chicago,60622,41.9038,-87.6757,602,773
772,US,WI,Sturtevant,53177,42.6981,-87.9389,617,262
773,US,IN,Logansport,46947,40.7924,-86.3798,527,574
774,US,CA,Perris,92570,33.7818,-117.3317,803,951
775,US,WA,Issaquah,98027,47.5013,-122.0065,819,425
776,US,KY,Morehead,40351,38.2075,-83.3989,541,606
777,US,MI,Saint Clair Shores,48080,42.4655,-82.9013,505,586
778,US,IL,Chicago,60603,41.8801,-87.6272,602,312
779,US,MI,Burton,48529,42.9757,-83.6628,513,810
780,US,IL,Chicago,60602,41.8826,-87.6292,602,312
781,US,MN,Crookston,56716,47.7528,-96.5563,724,218
782,US,GA,Warner Robins,31088,32.5814,-83.6286,503,478
783,US,VA,Vienna,22182,38.9348,-77.2672,511,703
784,US,TN,Nashville,37219,36.168,-86.7817,659,615
785,US,TX,Friendswood,77546,29.5142,-95.1903,618,281
786,US,MN,Minneapolis,55441,45.0059,-93.4305,613,763
787,US,NY,Norwich,13815,42.5452,-75.5588,502,607
788,US,IA,Urbandale,50322,41.6327,-93.7374,679,515
789,US,WI,Omro,54963,44.0537,-88.7916,658,920
790,US,CA,Los Angeles,90017,34.053,-118.2642,803,213
791,US,CA,Rosamond,93560,34.9286,-118.4052,803,661
792,US,IA,Perry,50220,41.8637,-94.1113,679,515
793,US,MN,Saint Paul,55113,45.0101,-93.1519,613,651
794,US,TX,Amarillo,79102,35.2006,-101.821,634,806
795,US,IN,Evansville,47715,37.9708,-87.4897,649,812
796,US,MI,Southfield,48034,42.4753,-83.2845,505,248
797,US,IL,Flora,62839,38.6712,-88.4973,581,618
798,US,MI,Auburn Hills,48326,42.6644,-83.2303,505,248
799,US,IL,Lisle,60532,41.787,-88.0833,602,630
800,US,IL,Naperville,60563,41.8032,-88.1341,602,630
801,US,IL,Batavia,60510,41.8392,-88.3612,602,630
802,US,IL,Normal,61761,40.5282,-88.9801,675,309
803,US,IL,Bloomington,61702,40.4842,-88.9937,675,309
804,US,IL,Morris,60450,41.3926,-88.4455,602,815
805,US,NC,Cary,27513,35.8059,-78.7997,560,919
806,US,IL,Streator,61364,41.1266,-88.8453,602,815
807,US,IL,Franklin Park,60131,41.9349,-87.8851,602,847
808,US,IL,Downers Grove,60515,41.811,-88.0302,602,630
809,US,MA,Leominster,1453,42.5244,-71.7657,506,978
810,US,IL,Westmont,60559,41.7949,-87.9709,602,630
811,US,CA,Folsom,95630,38.6729,-121.1488,862,916
812,US,TX,Freer,78357,27.9112,-98.5865,600,361
813,US,IL,Oak Brook,60523,41.8372,-87.9613,602,630
814,US,IL,Heyworth,61745,40.3278,-88.9686,675,309
815,US,IL,Elmhurst,60126,41.8917,-87.9359,602,630
816,US,ME,Bangor,4401,44.8635,-68.8402,537,207
817,US,IL,West Chicago,60185,41.8969,-88.2104,602,630
818,US,IL,Joliet,60431,41.5085,-88.2278,602,815
819,US,IL,Lombard,60148,41.878,-88.0163,602,630
820,US,IL,Melrose Park,60164,41.9163,-87.8924,602,708
821,US,IL,Bolingbrook,60440,41.6989,-88.0789,602,630
822,US,IL,Joliet,60436,41.4939,-88.1425,602,815
823,US,CA,Hacienda Heights,91745,34.0024,-117.9757,803,626
824,US,GA,Savannah,31408,32.1213,-81.1822,507,912
825,US,IL,Chicago,60601,41.8849,-87.6238,602,312
826,US,IL,Willowbrook,60527,41.7439,-87.9343,602,630
827,US,CT,Enfield,6082,41.9845,-72.5571,533,860
828,US,IL,Melrose Park,60160,41.905,-87.8641,602,708
829,US,CA,Chino,91710,33.9869,-117.6555,803,909
830,US,IL,Chicago,60606,41.8824,-87.6376,602,312
831,US,RI,Warwick,2886,41.705,-71.4604,521,401
832,US,PA,Murrysville,15668,40.4554,-79.66,508,724
833,US,PA,Pittsburgh,15272,40.4344,-80.0248,508,412
834,US,PA,Pittsburgh,15275,40.4495,-80.1795,508,412
835,US,PA,Pittsburgh,15213,40.4439,-79.9561,508,412
836,US,PA,Coraopolis,15108,40.4998,-80.1842,508,412
837,US,MO,O Fallon,63366,38.8251,-90.7289,609,636
838,US,PA,Pittsburgh,15220,40.4184,-80.0509,508,412
839,US,TX,Amarillo,79111,35.2201,-101.6658,634,806
840,US,MD,Salisbury,21801,38.3761,-75.6086,576,410
841,US,WV,Bridgeport,26330,39.2844,-80.2307,598,304
842,US,PA,Ellwood City,16117,40.8768,-80.2611,508,724
843,US,PA,New Kensington,15068,40.5728,-79.7248,508,724
844,US,PA,West Mifflin,15122,40.3609,-79.9015,508,412
845,US,MO,Licking,65542,37.5073,-91.8828,619,573
846,US,PA,Cranberry Twp,16066,40.7097,-80.1049,508,724
847,US,WV,Wheeling,26003,40.0582,-80.6362,554,304
848,US,NC,Morrisville,27560,35.8601,-78.8326,560,919
849,US,NC,Greenville,27834,35.6876,-77.1661,545,252
850,US,NC,Wilmington,28412,34.1256,-77.919,550,910
851,US,WI,Milwaukee,53202,43.0434,-87.8945,617,414
852,US,TX,Fort Worth,76104,32.7257,-97.3214,623,817
853,US,NC,Raleigh,27604,35.8181,-78.5636,560,919
854,US,NC,New Bern,28560,35.162,-76.9585,545,252
855,US,NC,Raleigh,27616,35.8713,-78.5394,560,919
856,US,GA,Brunswick,31520,31.1823,-81.4926,561,912
857,US,NC,Cary,27511,35.7509,-78.7789,560,919
858,US,NC,Raleigh,27613,35.9341,-78.7166,560,919
859,US,NJ,Fair Lawn,7410,40.9364,-74.1184,501,201
860,US,NC,Durham,27705,36.0378,-78.9858,560,919
861,US,NC,Chapel Hill,27514,35.9666,-79.041,560,919
862,US,NC,Washington,27889,35.5805,-77.0127,545,252
863,US,IN,Indianapolis,46237,39.6794,-86.0881,527,317
864,US,TX,Stratford,79084,36.2779,-102.0156,634,806
865,US,ID,Boise,83705,43.561,-116.2135,757,208
866,US,NC,Oriental,28571,35.0632,-76.7017,545,252
867,US,VA,Alexandria,22312,38.8177,-77.1527,511,703
868,US,VA,Sterling,20166,38.9881,-77.4755,511,703
869,US,VA,Manassas,20109,38.7932,-77.5366,511,703
870,US,VA,Culpeper,22701,38.4348,-77.9866,511,540
871,US,PA,Philadelphia,19103,39.953,-75.1756,504,215
872,US,FL,Jacksonville,32225,30.3533,-81.499,561,904
873,US,KY,Frankfort,40601,38.2357,-84.9592,541,502
874,US,IL,Joliet,60433,41.4982,-88.0367,602,815
875,US,VA,Herndon,20170,38.9841,-77.3827,511,703
876,US,IN,Indianapolis,46217,39.678,-86.2005,527,317
877,US,IN,Indianapolis,46241,39.7132,-86.2617,527,317
878,US,VA,Warrenton,20186,38.7179,-77.8521,511,540
879,US,VA,Herndon,20171,38.9266,-77.3936,511,703
880,US,VA,Arlington,22204,38.86,-77.0987,511,703
881,US,VA,Gordonsville,22942,38.0964,-78.1814,556,540
882,US,VA,Alexandria,22314,38.8156,-77.0453,511,703
883,US,VA,Catlett,20119,38.6249,-77.6252,511,540
884,US,VA,Manassas,20110,38.7462,-77.4903,511,703
885,US,VA,Winchester,22602,39.1492,-78.278,511,540
886,US,CA,Piru,93040,34.4153,-118.794,803,805
887,US,VA,Reston,20191,38.9311,-77.3489,511,703
888,US,VA,Leesburg,20175,39.0487,-77.6082,511,703
889,US,VA,Chesapeake,23320,36.7646,-76.199,544,757
890,US,VA,Mc Lean,22102,38.9499,-77.2223,511,703
891,US,VA,Quantico,22134,38.5359,-77.4219,511,703
892,US,NC,Fuquay Varina,27526,35.5446,-78.8309,560,919
893,US,MI,Holland,49423,42.7423,-86.0661,563,616
894,US,OH,Blacklick,43004,40.0122,-82.8095,535,614
895,US,AL,Birmingham,35243,33.4468,-86.7404,630,205
896,US,AZ,Chandler,85226,33.2769,-111.9444,753,480
897,US,OH,Fostoria,44830,41.1628,-83.3976,547,419
898,US,CA,Palm Springs,92264,33.728,-116.5116,804,760
899,US,NC,Raleigh,27607,35.8204,-78.6783,560,919
900,US,NC,Durham,27709,35.994,-78.8986,560,919
901,US,NC,Jacksonville,28540,34.7595,-77.5019,545,910
902,US,NC,Southern Pines,28387,35.1752,-79.3834,560,910
903,US,NC,Edenton,27932,36.1213,-76.6414,544,252
904,US,GA,Atlanta,30346,33.9255,-84.338,524,404
905,US,OH,Alliance,44601,40.9157,-81.133,510,330
906,US,KY,Elizabethtown,42701,37.7153,-85.8565,529,270
907,US,NC,Fayetteville,28303,35.0785,-78.9336,560,910
908,US,CT,Old Greenwich,6870,41.0331,-73.5694,501,203
909,US,DE,Wilmington,19803,39.7976,-75.5392,504,302
910,US,VA,Colonial Heights,23834,37.2879,-77.4153,556,804
911,US,VA,Richmond,23236,37.4677,-77.59,556,804
912,US,VA,Vienna,22185,38.8318,-77.2888,511,703
913,US,CA,Rancho Cucamonga,91730,34.0995,-117.5808,803,909
914,US,OH,Newark,43055,40.1241,-82.3828,535,740
915,US,IN,Wakarusa,46573,41.5402,-86.0524,588,574
916,US,GA,Duluth,30097,34.0408,-84.1665,524,770
917,US,MN,Granite Falls,56241,44.7966,-95.5843,613,320
918,US,PA,Ambridge,15003,40.5996,-80.2078,508,724
919,US,MI,Troy,48098,42.5983,-83.1785,505,248
920,US,NJ,Jersey City,7306,40.7364,-74.0724,501,201
921,US,NJ,Jersey City,7302,40.7209,-74.0468,501,201
923,US,NJ,Vineland,8360,39.4968,-75.0157,504,856
924,US,NY,Suffern,10901,41.1523,-74.1217,501,845
925,US,OH,Somerset,43783,39.8076,-82.2801,535,740
926,US,IL,Chicago,60612,41.8784,-87.6852,602,312
927,US,AZ,Phoenix,85021,33.5586,-112.0955,753,602
928,US,SC,Greenville,29607,34.8004,-82.3221,567,864
929,US,MI,Detroit,48204,42.3679,-83.1386,505,313
930,US,OH,Toledo,43612,41.7073,-83.543,547,419
931,US,IN,Jasper,47546,38.4207,-86.9277,649,812
932,US,IN,Middlebury,46540,41.6766,-85.6959,588,574
933,US,IL,Chicago,60631,41.999,-87.822,602,773
934,US,KS,Overland Park,66210,38.9247,-94.7029,616,913
935,US,MI,Dearborn,48120,42.3045,-83.1774,505,313
936,US,MN,Minneapolis,55428,45.0636,-93.3789,613,763
937,US,MO,Grain Valley,64029,38.9927,-94.2151,616,816
938,US,KS,Hiawatha,66434,39.8484,-95.5585,605,785
939,US,MO,Springfield,65802,37.219,-93.3176,619,417
940,US,MO,Pineville,64856,36.5732,-94.2747,603,417
941,US,IL,Winfield,60190,41.872,-88.1662,602,630
942,US,WA,Tacoma,98444,47.1511,-122.4492,819,253
943,US,OH,Dayton,45414,39.833,-84.2177,542,937
944,US,MO,Joplin,64801,37.1205,-94.4977,603,417
945,US,SD,Sioux Falls,57106,43.5042,-96.8391,725,605
946,US,OH,Hebron,43025,39.9737,-82.5091,535,740
947,US,IL,Wheaton,60187,41.852,-88.1211,602,630
948,US,IN,Indianapolis,46240,39.9051,-86.1159,527,317
949,US,IL,Naperville,60564,41.7069,-88.1978,602,630
950,US,KS,Columbus,66725,37.1493,-94.8893,603,620
951,US,NJ,Livingston,7039,40.7871,-74.3291,501,973
952,US,AR,Flippin,72634,36.2409,-92.5355,619,870
953,US,NE,Omaha,68131,41.2641,-95.9644,652,402
954,US,IN,Indianapolis,46250,39.9115,-86.0706,527,317
955,US,MO,Saint Louis,63144,38.6182,-90.3467,609,314
956,US,MO,Fenton,63099,38.6383,-90.4271,609,636
957,US,MO,Saint Louis,63101,38.6312,-90.1922,609,314
958,US,IL,Fairview Heights,62208,38.5974,-90.0071,609,618
959,US,MO,Saint Louis,63127,38.5351,-90.4077,609,314
960,US,TN,Cordova,38018,35.1364,-89.7726,640,901
961,US,MO,Saint Louis,63117,38.6296,-90.3317,609,314
962,US,IN,Indianapolis,46208,39.8331,-86.1747,527,317
963,US,NC,Winston Salem,27106,36.146,-80.3243,518,336
964,US,NV,Henderson,89074,36.0312,-115.0739,839,702
965,US,MO,Saint Louis,63103,38.6304,-90.2165,609,314
966,US,MO,Saint Louis,63146,38.71,-90.5016,609,314
967,US,MO,Cape Girardeau,63703,37.2782,-89.5479,632,573
968,US,MO,Columbia,65202,39.0437,-92.2714,604,573
969,US,IL,Troy,62294,38.7031,-89.8786,609,618
970,US,KY,Louisville,40272,38.0858,-85.8495,529,502
971,US,MO,Saint Louis,63105,38.645,-90.3263,609,314
972,US,MO,Poplar Bluff,63901,36.7527,-90.4853,632,573
973,US,IN,Columbus,47203,39.2359,-85.836,527,812
974,US,AL,Montgomery,36104,32.3934,-86.3222,698,334
975,US,IA,Dubuque,52001,42.5507,-90.6931,637,563
976,US,MO,Lake Saint Louis,63367,38.7859,-90.7861,609,636
977,US,OK,Oklahoma City,73120,35.5798,-97.5731,650,405
978,US,MO,Saint Louis,63141,38.6554,-90.4539,609,314
979,US,IL,Staunton,62088,39.0164,-89.7811,609,618
980,US,MI,Taylor,48180,42.2256,-83.2685,505,313
981,US,MO,Maryland Heights,63043,38.7283,-90.4509,609,314
982,US,CT,Norwalk,6855,41.1003,-73.3983,501,203
983,US,CT,Preston,6365,41.5174,-71.9904,533,860
984,US,NY,New York,10166,40.7546,-73.9762,501,212
985,US,MA,Andover,1810,42.6489,-71.1655,506,978
986,US,GA,Stone Mountain,30083,33.7844,-84.2135,524,404
987,US,KS,Lenexa,66219,38.9506,-94.7791,616,913
988,US,CA,El Centro,92243,32.7736,-115.6022,771,760
989,US,OH,Dayton,45429,39.6869,-84.1641,542,937
990,US,UT,Nephi,84648,39.6873,-111.8309,770,435
991,US,UT,Clearfield,84016,41.1108,-112.026,770,801
992,US,GA,Alpharetta,30004,34.133,-84.3005,524,770
993,US,GA,Atlanta,30318,33.793,-84.4432,524,404
994,US,VA,Arlington,22202,38.86,-77.0533,511,703
996,US,UT,Salt Lake City,84108,40.7855,-111.7367,770,801
997,US,UT,Hill Afb,84056,41.1285,-111.9834,770,801
998,US,UT,North Salt Lake,84054,40.8421,-111.9056,770,801
999,US,OH,Dayton,45408,39.7334,-84.2236,542,937
1000,US,GA,Atlanta,30310,33.7257,-84.4309,524,404
1001,US,AZ,Phoenix,85034,33.4319,-112.015,753,602
1002,US,CO,Colorado Springs,80904,38.8609,-104.8734,752,719
1003,US,LA,New Orleans,70121,29.9589,-90.1568,622,504
1004,US,CO,Eads,81036,38.4407,-102.786,751,719
1005,US,MS,Jackson,39202,32.3134,-90.172,718,601
1006,US,CO,Colorado Springs,80909,38.8521,-104.7777,752,719
1007,US,MO,Fort Leonard Wood,65473,37.7672,-92.0991,619,573
1008,US,CO,Colorado Springs,80918,38.9142,-104.7749,752,719
1009,US,CO,Colorado Springs,80906,38.7629,-104.8479,752,719
1010,US,CO,Colorado Springs,80907,38.8765,-104.8288,752,719
1011,US,CO,Colorado Springs,80919,38.9299,-104.874,752,719
1012,US,AZ,Scottsdale,85251,33.4912,-111.9237,753,480
1013,US,CO,Woodland Park,80863,38.9967,-105.1184,752,719
1014,US,CO,Colorado Springs,80921,39.0311,-104.8054,752,719
1015,US,NE,Omaha,68154,41.2628,-96.1164,652,402
1016,US,CA,Highland,92346,34.1359,-117.1553,803,909
1017,US,CO,Englewood,80112,39.569,-104.8582,751,303
1018,US,PA,Philadelphia,19113,39.8721,-75.2548,504,610
1019,US,CO,Palmer Lake,80133,39.1141,-104.8984,752,719
1020,US,AL,Birmingham,35210,33.5426,-86.6702,630,205
1021,US,AZ,Phoenix,85086,33.8366,-112.1189,753,623
1022,US,NE,Omaha,68124,41.2349,-96.049,652,402
1023,US,VA,Arlington,22207,38.9084,-77.1201,511,703
1024,US,NE,Omaha,68127,41.2061,-96.0451,652,402
1025,US,NE,Winnebago,68071,42.2344,-96.4887,624,402
1026,US,NE,Norfolk,68701,42.018,-97.4543,624,402
1027,US,NE,Pierce,68767,42.2063,-97.5723,624,402
1028,US,NM,Santa Fe,87501,35.7847,-105.8749,790,505
1029,US,NM,Albuquerque,87121,35.0441,-106.8904,790,505
1030,US,NJ,East Brunswick,8816,40.4293,-74.4203,501,732
1031,US,MD,Columbia,21045,39.2106,-76.8268,512,410
1032,US,TX,El Paso,79925,31.7958,-106.3762,765,915
1033,US,NM,Grants,87020,35.0207,-107.9583,790,505
1034,US,NM,Espanola,87532,36.0008,-106.1316,790,505
1035,US,CA,Inglewood,90301,33.9582,-118.3614,803,310
1036,US,NM,Dulce,87528,36.7966,-106.8854,790,575
1037,US,TX,El Paso,79902,31.7832,-106.4976,765,915
1038,US,NM,Albuquerque,87114,35.1988,-106.7035,790,505
1039,US,TX,El Paso,79912,31.8545,-106.533,765,915
1040,US,CA,Red Bluff,96080,40.1785,-122.2358,868,530
1041,US,NM,Aztec,87410,36.8716,-107.8885,790,505
1042,US,FL,West Palm Beach,33401,26.72,-80.0702,548,561
1043,US,NM,Deming,88030,32.2246,-107.7635,790,575
1044,US,NM,Albuquerque,87109,35.15,-106.5728,790,505
1045,US,NM,Lovington,88260,32.8186,-103.4384,790,575
1046,US,IL,Chicago,60604,41.8776,-87.6272,602,312
1047,US,NM,Las Cruces,88011,32.3047,-106.6417,765,575
1048,US,NC,Mocksville,27028,35.8987,-80.5741,518,336
1049,US,OH,Columbus,43230,40.0345,-82.8695,535,614
1050,US,NM,Roswell,88201,33.5682,-104.4225,790,575
1051,US,TX,El Paso,79936,31.7435,-106.2969,765,915
1052,US,MO,Kansas City,64106,39.1068,-94.566,616,816
1053,US,IL,Elk Grove Village,60007,42.0152,-87.9901,602,847
1054,US,CA,Merced,95340,37.29,-120.4888,866,209
1055,US,NM,Santa Fe,87507,35.634,-106.085,790,505
1056,US,FL,Orlando,32817,28.5883,-81.2439,534,407
1057,US,NM,Carlsbad,88220,32.2995,-104.2875,790,575
1058,US,NM,Maljamar,88264,32.8854,-103.7113,633,575
1059,US,OH,Chillicothe,45601,39.3335,-83.0168,535,740
1060,US,NM,Mountainair,87036,34.4851,-106.2263,790,505
1061,US,NM,Hobbs,88240,32.7103,-103.2764,633,575
1062,US,NM,Albuquerque,87113,35.1789,-106.5887,790,505
1063,US,MD,Bethesda,20816,38.9543,-77.1159,511,301
1064,US,CO,Denver,80202,39.7525,-104.9995,751,303
1065,US,OR,Portland,97266,45.4691,-122.5535,820,503
1066,US,NM,Albuquerque,87106,35.0585,-106.6236,790,505
1067,US,NM,Las Cruces,88001,32.2714,-106.7373,765,575
1068,US,LA,Baton Rouge,70802,30.4386,-91.1703,716,225
1069,US,MI,Livonia,48152,42.425,-83.3744,505,248
1070,US,IL,Skokie,60077,42.0347,-87.7614,602,847
1071,US,CO,Commerce City,80022,39.871,-104.7843,751,303
1072,US,CO,Englewood,80111,39.6237,-104.8738,751,303
1073,US,CO,Fort Collins,80521,40.5939,-105.1256,751,970
1074,US,GA,Moody A F B,31699,30.9668,-83.1896,530,229
1075,US,KS,Pittsburg,66762,37.3506,-94.6819,603,620
1076,US,MI,Grand Rapids,49504,42.9777,-85.711,563,616
1077,US,NE,Lincoln,68508,40.8176,-96.7114,722,402
1078,US,NE,Fremont,68025,41.4803,-96.4728,652,402
1079,US,NE,Columbus,68601,41.512,-97.347,652,402
1080,US,NE,Omaha,68114,41.2615,-96.0527,652,402
1081,US,NE,Kearney,68845,40.7499,-99.198,722,308
1082,US,SD,North Sioux City,57049,42.5241,-96.4998,624,605
1083,US,CO,Denver,80246,39.7041,-104.9339,751,303
1084,US,NJ,Mount Laurel,8054,39.9572,-74.9162,504,856
1085,US,AR,Bentonville,72712,36.3457,-94.2514,670,479
1086,US,GA,Gainesville,30501,34.3138,-83.8095,524,770
1087,US,NY,New York,10001,40.7517,-73.9972,501,212
1088,US,CO,Denver,80237,39.6384,-104.9058,751,303
1089,US,MI,Clare,48617,43.8489,-84.7349,540,989
1090,US,CA,San Francisco,94104,37.7909,-122.4017,807,415
1091,US,FL,Cape Coral,33991,26.6356,-82.0164,571,239
1092,US,MI,Beaver Island,49782,45.6659,-85.5584,540,231
1093,US,MD,California,20619,38.2907,-76.5221,511,301
1094,US,MD,Columbia,21046,39.1749,-76.8375,512,410
1095,US,NE,Oneill,68763,42.4726,-98.5671,722,402
1096,US,TX,Fort Worth,76107,32.7406,-97.3802,623,817
1097,US,MI,Grand Rapids,49512,42.8801,-85.5458,563,616
1098,US,VA,Elkwood,22718,38.4821,-77.8175,511,540
1099,US,SD,Deadwood,57732,44.2782,-103.6297,764,605
1100,US,OK,Tulsa,74131,36.0492,-96.0712,671,918
1101,US,AR,Fort Smith,72901,35.3659,-94.4126,670,479
1102,US,TX,Austin,78701,30.2678,-97.7426,635,512
1103,US,TX,Weatherford,76086,32.7546,-97.7876,623,817
1104,US,CA,Pasadena,91106,34.1379,-118.1296,803,626
1105,US,TX,Dallas,75220,32.8574,-96.8706,623,214
1106,US,CA,Los Angeles,90036,34.069,-118.3502,803,323
1107,US,SC,Greenville,29615,34.8601,-82.2464,567,864
1108,US,NY,New York,10006,40.7082,-74.0132,501,212
1109,US,CA,Los Angeles,90010,34.0619,-118.3098,803,213
1110,US,CA,Monrovia,91016,34.1539,-117.9919,803,626
1111,US,AZ,Maricopa,85239,33.0168,-112.2028,753,520
1112,US,GA,Hawkinsville,31036,32.268,-83.5266,503,478
1113,US,GA,Atlanta,30308,33.7719,-84.3771,524,404
1114,US,CA,Garden Grove,92841,33.7877,-117.9738,803,714
1115,US,MI,Webberville,48892,42.6542,-84.1766,551,517
1116,US,AZ,Phoenix,85040,33.4063,-112.0262,753,602
1117,US,TX,Huntsville,77340,30.6518,-95.5543,618,936
1118,US,AZ,Phoenix,85027,33.7248,-112.0889,753,623
1119,US,TX,San Antonio,78205,29.4244,-98.4842,641,210
1120,US,AZ,Scottsdale,85254,33.6161,-111.9456,753,602
1121,US,CO,Boulder,80314,40.0878,-105.3735,751,303
1122,US,MI,Grand Rapids,49508,42.8636,-85.6272,563,616
1123,US,CO,Vail,81657,39.6412,-106.3228,751,970
1124,US,CO,Boulder,80301,40.0507,-105.2037,751,303
1125,US,WY,Casper,82609,42.8035,-106.2245,767,307
1126,US,MA,West Springfield,1089,42.1235,-72.6399,543,413
1127,US,CA,Glendale,91205,34.1352,-118.2416,803,818
1128,US,MA,Canton,2021,42.1847,-71.122,506,781
1129,US,AZ,Yuma,85365,32.7244,-114.5157,771,928
1130,US,MD,Columbia,21044,39.2043,-76.8833,512,410
1131,US,CA,South San Francisco,94080,37.6534,-122.4231,807,650
1132,US,LA,Baton Rouge,70808,30.4,-91.1454,716,225
1133,US,CA,Burbank,91521,33.7866,-118.2987,803,818
1134,US,OK,Norman,73071,35.233,-97.4122,650,405
1135,US,TX,Dallas,75247,32.8148,-96.8705,623,214
1136,US,SD,Rapid City,57702,44.035,-103.3782,764,605
1137,US,TX,Dallas,75235,32.8326,-96.8467,623,214
1139,US,OH,Miamisburg,45342,39.6182,-84.2488,542,937
1140,US,TX,Arlington,76015,32.6904,-97.1343,623,817
1142,US,CO,Loveland,80538,40.4999,-105.2647,751,970
1143,US,CO,Westminster,80030,39.8301,-105.0345,751,303
1144,US,NY,Rochester,14625,43.1493,-77.5081,538,585
1145,US,CA,Sun Valley,91352,34.2322,-118.3448,803,818
1146,US,MI,Grand Rapids,49548,42.8664,-85.6635,563,616
1147,US,WY,Cheyenne,82001,41.1034,-104.9059,759,307
1148,US,AR,Mc Gehee,71654,33.6284,-91.3569,693,870
1149,US,TX,Carrollton,75006,32.9478,-96.8915,623,972
1150,US,MA,Westwood,2090,42.2211,-71.1985,506,781
1151,US,FL,Lakeland,33801,28.0407,-81.9043,539,863
1152,US,CA,El Segundo,90245,33.9164,-118.4041,803,310
1153,US,TN,Greeneville,37743,36.0828,-82.8508,531,423
1154,US,FL,Lakeland,33811,27.9857,-82.0135,539,863
1155,US,OH,Columbus,43240,40.1461,-82.98,535,614
1156,US,MO,Grandview,64030,38.8758,-94.5259,616,816
1157,US,MO,Kansas City,64112,39.0362,-94.595,616,816
1158,US,MO,O Fallon,63368,38.8251,-90.7289,609,636
1159,US,MO,Jefferson City,65109,38.5516,-92.2745,604,573
1160,US,LA,Lake Charles,70605,30.1346,-93.273,643,337
1161,US,TX,Lone Star,75668,32.9001,-94.6753,612,903
1162,US,IL,Scott Air Force Base,62225,38.5421,-89.8448,609,618
1163,US,IL,Granite City,62040,38.7328,-90.1072,609,618
1164,US,TX,Dallas,75227,32.7732,-96.6851,623,214
1165,US,CO,Denver,80216,39.785,-104.9415,751,303
1166,US,MO,Van Buren,63965,36.9592,-90.9966,632,573
1167,US,TX,Eden,76837,31.2379,-99.8895,661,325
1168,US,TN,Nashville,37214,36.1784,-86.6446,659,615
1169,US,IA,West Des Moines,50265,41.5664,-93.7405,679,515
1170,US,KS,Dodge City,67801,37.802,-99.9982,678,620
1172,US,IA,Dakota City,50529,42.7233,-94.1993,679,515
1173,US,TX,Buna,77612,30.3991,-93.9088,692,409
1174,US,OK,Oklahoma City,73132,35.5423,-97.6189,650,405
1175,US,IA,Des Moines,50309,41.5839,-93.6289,679,515
1176,US,AZ,Tempe,85282,33.4001,-111.929,753,480
1177,US,IA,Mason City,50401,43.1465,-93.2075,611,641
1178,US,IA,Oelwein,50662,42.684,-91.9346,637,319
1179,US,TX,Dallas,75234,32.9245,-96.8938,623,972
1180,US,KY,Louisville,40202,38.2517,-85.7544,529,502
1181,US,IN,New Albany,47150,38.2813,-85.8401,529,812
1182,US,MD,Lanham,20706,38.969,-76.8537,511,301
1183,US,KY,Louisville,40222,38.2706,-85.6237,529,502
1184,US,NY,Mount Kisco,10549,41.1995,-73.7164,501,914
1185,US,LA,Shreveport,71107,32.6188,-93.8852,612,318
1186,US,AR,Murfreesboro,71958,34.1139,-93.7089,612,870
1187,US,AR,Mount Ida,71957,34.572,-93.412,693,870
1188,US,CO,Fort Collins,80525,40.5195,-105.0628,751,970
1189,US,LA,Springhill,71075,32.9786,-93.5171,612,318
1190,US,TX,Post,79356,33.2485,-101.3345,651,806
1191,US,AR,Fort Smith,72913,35.3859,-94.3986,670,479
1192,US,LA,Shreveport,71106,32.3943,-93.7285,612,318
1193,US,ND,Bismarck,58501,46.8159,-100.7061,687,701
1194,US,MO,West Plains,65775,36.7248,-91.8945,619,417
1195,US,TX,Dallas,75240,32.9358,-96.7853,623,214
1196,US,AR,Little Rock,72203,34.7465,-92.2896,693,501
1197,US,LA,Bossier City,71111,32.5695,-93.6923,612,318
1198,US,AR,Mabelvale,72103,34.5825,-92.3837,693,501
1199,US,LA,Shreveport,71129,32.403,-93.902,612,318
1200,US,TX,Houston,77040,29.8688,-95.538,618,713
1201,US,TX,Beaumont,77708,30.1406,-94.1571,692,409
1202,US,AR,White Hall,71612,34.274,-92.091,693,870
1203,US,AR,Hamburg,71646,33.2265,-91.7912,628,870
1204,US,AR,Little Rock,72201,34.7467,-92.2804,693,501
1205,US,AR,Little Rock,72209,34.6759,-92.3564,693,501
1206,US,AR,Russellville,72801,35.278,-93.1373,693,479
1207,US,AR,Pine Bluff,71601,34.1805,-91.9095,693,870
1208,US,AL,Helena,35080,33.2507,-86.9211,630,205
1209,US,LA,Shreveport,71103,32.4929,-93.7773,612,318
1210,US,MA,Sandwich,2563,41.7194,-70.4803,506,508
1211,US,AR,Hot Springs National Park,71913,34.4179,-93.0493,693,501
1212,US,AR,Maumelle,72113,34.8675,-92.4001,693,501
1213,US,LA,Pleasant Hill,71065,31.813,-93.4971,612,318
1214,US,LA,Sibley,71073,32.5178,-93.292,612,318
1215,US,AR,North Little Rock,72117,34.7742,-92.1554,693,501
1216,US,AR,Little Rock,72205,34.7449,-92.3205,693,501
1217,US,TX,Lewisville,75067,33.0306,-96.9926,623,972
1218,US,TX,Mckinney,75069,33.1884,-96.5858,623,972
1219,US,IL,Chicago,60607,41.8745,-87.6503,602,312
1220,US,CA,San Diego,92122,32.8594,-117.2073,825,858
1221,US,TX,Irving,75063,32.9193,-96.982,623,972
1222,US,TN,Bells,38006,35.6629,-89.1089,640,731
1223,US,MA,Boston,2128,42.3731,-71.0162,506,617
1224,US,MS,Horn Lake,38637,34.9592,-90.0286,640,901
1225,US,MD,Bethesda,20817,39.0032,-77.1602,511,301
1226,US,TN,Memphis,38120,35.1275,-89.8426,640,901
1227,US,TX,Laredo,78041,27.5596,-99.4608,749,956
1228,US,AZ,Tucson,85705,32.2686,-111.0022,789,520
1229,US,TN,Memphis,38119,35.0794,-89.843,640,901
1230,US,MO,Kansas City,64116,39.1472,-94.5735,616,816
1231,US,KS,Mission,66201,39.0278,-94.6558,616,913
1232,US,AZ,Mesa,85204,33.3972,-111.7858,753,480
1233,US,AR,Paragould,72450,36.1041,-90.4662,734,870
1234,US,ID,Cottonwood,83522,45.9489,-116.5209,881,208
1235,US,TX,San Antonio,78218,29.4889,-98.3987,641,210
1236,US,AL,Mobile,36608,30.6586,-88.3535,686,251
1237,US,FL,Miami Beach,33141,25.8582,-80.1312,528,305
1238,US,ID,Troy,83871,46.7436,-116.7405,881,208
1239,US,CA,Culver City,90230,33.995,-118.3917,803,310
1240,US,MA,Newton,2458,42.3533,-71.1883,506,617
1241,US,MA,Westford,1886,42.5888,-71.4416,506,978
1242,US,LA,Baton Rouge,70809,30.3838,-91.0598,716,225
1243,US,TX,Fort Worth,76133,32.6586,-97.3842,623,817
1244,US,MA,Newbury,1951,42.7782,-70.8704,506,978
1245,US,FL,Tampa,33609,27.943,-82.524,539,813
1246,US,MA,Lowell,1851,42.6241,-71.3389,506,978
1247,US,MA,Quincy,2169,42.2429,-71.0098,506,617
1248,US,MA,Boston,2111,42.3492,-71.0592,506,617
1249,US,MA,Cambridge,2140,42.3931,-71.1345,506,617
1250,US,LA,Metairie,70006,30.0133,-90.1921,622,504
1251,US,VA,Bluemont,20135,39.0832,-77.8939,511,540
1252,US,PA,Philadelphia,19107,39.9514,-75.1582,504,215
1253,US,SC,Charleston,29406,32.9326,-79.9798,519,843
1254,US,NY,Bronx,10454,40.8056,-73.9169,501,718
1255,US,PA,Philadelphia,19121,39.9828,-75.1796,504,215
1256,US,PA,Bensalem,19020,40.103,-74.9415,504,215
1257,US,PA,Malvern,19355,40.0402,-75.5332,504,610
1258,US,CA,San Francisco,94111,37.7989,-122.3984,807,415
1259,US,PA,Horsham,19044,40.1883,-75.1502,504,215
1260,US,SC,Bennettsville,29512,34.6296,-79.7068,570,843
1261,US,CA,Corona,92879,33.8778,-117.5344,803,951
1262,US,TX,Dallas,75201,32.7877,-96.8,623,214
1263,US,KS,Olathe,66062,38.8518,-94.7786,616,913
1264,US,PA,Bala Cynwyd,19004,40.0143,-75.2267,504,610
1265,US,PA,Philadelphia,19134,39.9911,-75.1014,504,215
1266,US,PA,Philadelphia,19106,39.9494,-75.1457,504,215
1267,US,TX,Sugar Land,77478,29.6237,-95.6322,618,281
1268,US,DC,Washington,20006,38.8979,-77.0417,511,202
1269,US,MA,Needham Heights,2494,42.297,-71.2196,506,781
1270,US,TX,Dallas,75231,32.8731,-96.7459,623,214
1271,US,TX,Plano,75074,33.0362,-96.6712,623,972
1272,US,GA,Atlanta,30339,33.871,-84.4635,524,770
1273,US,PA,Lancaster,17603,40.0052,-76.3246,566,717
1274,US,PA,Snow Shoe,16874,41.0287,-77.9143,574,814
1275,US,CA,Newport Beach,92660,33.6275,-117.8734,803,949
1276,US,PA,Lewistown,17044,40.6007,-77.5777,566,717
1277,US,TX,Idalou,79329,33.7315,-101.6777,651,806
1278,US,TX,Midlothian,76065,32.468,-96.9873,623,972
1279,US,SC,North Charleston,29418,32.8688,-80.04,519,843
1280,US,CA,Bakersfield,93312,35.3832,-119.2272,800,661
1281,US,TX,Houston,77027,29.7431,-95.4446,618,713
1282,US,NJ,Maple Shade,8052,39.95,-74.9929,504,856
1283,US,PA,Middletown,17057,40.1813,-76.6917,566,717
1284,US,DE,Dover,19904,39.1817,-75.5971,504,302
1285,US,CA,Malibu,90265,34.0697,-118.8177,803,310
1286,US,PA,Philadelphia,19129,40.0119,-75.1844,504,215
1287,US,TN,Franklin,37067,35.9086,-86.7811,659,615
1288,US,MS,Port Gibson,39150,31.9312,-91.0005,718,601
1289,US,PA,Willow Grove,19090,40.1492,-75.1285,504,215
1290,US,CA,Sherman Oaks,91423,34.1463,-118.4293,803,818
1291,US,TX,Alice,78332,27.7039,-98.0844,600,361
1292,US,CA,Fresno,93711,36.84,-119.8285,866,559
1293,US,CA,Clovis,93612,36.8112,-119.7129,866,559
1294,US,CA,Sunnyvale,94086,37.3697,-122.0214,807,408
1295,US,TX,Edinburg,78541,26.4628,-98.2568,636,956
1296,US,CA,Hollister,95023,36.8952,-121.2434,828,831
1297,US,SC,Fair Play,29643,34.5171,-82.9922,567,864
1298,US,CA,Fresno,93725,36.6055,-119.7522,866,559
1299,US,MN,Minneapolis,55425,44.8362,-93.2232,613,952
1300,US,CA,Campbell,95008,37.2803,-121.9567,807,408
1301,US,CA,Santa Clara,95054,37.3961,-121.9617,807,408
1302,US,CA,Pescadero,94060,37.2061,-122.3002,807,650
1303,US,CA,Monterey,93940,36.3699,-121.8406,828,831
1304,US,IL,Carthage,62321,40.3889,-91.0986,717,217
1305,US,TX,San Antonio,78264,29.1802,-98.5046,641,210
1306,US,AZ,Phoenix,85009,33.444,-112.1302,753,602
1307,US,CA,Santa Monica,90401,34.016,-118.4925,803,310
1308,US,NY,Lake Placid,12946,44.2351,-73.9913,523,518
1309,US,CA,San Jose,95120,37.1931,-121.8364,807,408
1310,US,AR,Searcy,72143,35.2327,-91.7054,693,501
1311,US,MA,Gloucester,1930,42.6179,-70.7154,506,978
1312,US,CA,Fresno,93727,36.7505,-119.6733,866,559
1313,US,PA,Philadelphia,19148,39.9123,-75.1533,504,215
1314,US,CA,San Jose,95131,37.3874,-121.9024,807,408
1315,US,CA,Milpitas,95035,37.4404,-121.8705,807,408
1316,US,CA,Sunnyvale,94085,37.3887,-122.0188,807,408
1317,US,CA,Morgan Hill,95037,37.1747,-121.6518,807,408
1318,US,CA,San Jose,95138,37.2495,-121.7328,807,408
1319,US,CA,Modesto,95351,37.6369,-121.0171,862,209
1320,US,CA,San Jose,95118,37.2525,-121.8894,807,408
1321,US,CA,Cupertino,95014,37.3042,-122.0946,807,408
1322,US,CA,Coarsegold,93614,37.174,-119.7098,866,559
1323,US,NY,Elmhurst,11373,40.7354,-73.8783,501,718
1324,US,TX,Houston,77041,29.8724,-95.57,618,713
1325,US,MI,Warren,48089,42.4736,-82.9968,505,586
1326,US,MI,Detroit,48226,42.3284,-83.0554,505,313
1327,US,WI,Milwaukee,53209,43.1409,-87.9497,617,414
1328,US,MD,Silver Spring,20910,39.0046,-77.0369,511,301
1329,US,MI,Romulus,48174,42.203,-83.3166,505,734
1330,US,MI,Allen Park,48101,42.2654,-83.208,505,313
1331,US,HI,Lihue,96766,21.977,-159.3911,744,808
1332,US,OH,Franklin,45005,39.5327,-84.2901,515,937
1333,US,OH,Springfield,45504,39.9586,-83.8063,542,937
1334,US,NY,Gloversville,12078,43.1313,-74.3571,532,518
1335,US,OH,Fairborn,45324,39.827,-84.0187,542,937
1336,US,GA,Byron,31008,32.6612,-83.7854,503,478
1337,US,OH,Dayton,45439,39.7004,-84.2162,542,937
1338,US,OH,Piqua,45356,40.1676,-84.2178,542,937
1339,US,OH,Lima,45807,40.7988,-84.1319,558,419
1340,US,OH,Vandalia,45377,39.889,-84.2296,542,937
1341,US,SC,Duncan,29334,34.9104,-82.123,567,864
1342,US,TX,Dallas,75254,32.948,-96.8132,623,972
1343,US,OH,Dayton,45459,39.6474,-84.1573,542,937
1344,US,CA,Valencia,91355,34.418,-118.5662,803,661
1345,US,MI,Wixom,48393,42.52,-83.5517,505,248
1346,US,MI,Huntington Woods,48070,42.4816,-83.168,505,248
1347,US,MI,Farmington,48334,42.5065,-83.3491,505,248
1348,US,MI,Sterling Heights,48312,42.5587,-83.0092,505,586
1349,US,OH,Holland,43528,41.6325,-83.751,547,419
1350,US,MI,Birmingham,48009,42.5457,-83.2165,505,248
1351,US,TX,Pharr,78577,26.1546,-98.2045,636,956
1352,US,MI,Troy,48084,42.5563,-83.1769,505,248
1353,US,MI,Ray,48096,42.7613,-82.9196,505,586
1354,US,TX,San Antonio,78249,29.5698,-98.6161,641,210
1355,US,TX,Dallas,75202,32.7791,-96.8028,623,214
1356,US,MI,Flint,48502,43.0138,-83.6883,513,810
1357,US,MI,Warren,48092,42.5134,-83.057,505,586
1358,US,MI,Clinton Township,48038,42.5991,-82.9312,505,586
1360,US,CA,Bakersfield,93309,35.3456,-119.0756,800,661
1361,US,MI,Farmington,48331,42.498,-83.4072,505,248
1362,US,MI,Saginaw,48602,43.4161,-83.9709,513,989
1363,US,MI,Davisburg,48350,42.7429,-83.5182,505,248
1364,US,MI,Saginaw,48604,43.4809,-83.9682,513,989
1365,US,IA,Des Moines,50314,41.6062,-93.6307,679,515
1366,US,IA,Percival,51648,40.732,-95.7965,652,712
1367,US,CA,Lancaster,93534,34.7297,-118.1575,803,661
1368,US,IA,Pella,50219,41.413,-92.923,679,641
1369,US,IA,West Des Moines,50266,41.5635,-93.7842,679,515
1370,US,CA,Oroville,95966,39.4594,-121.3972,868,530
1371,US,NY,Ballston Spa,12020,43.0056,-73.8628,532,518
1372,US,IA,Waterloo,50702,42.4569,-92.315,637,319
1373,US,IA,Des Moines,50321,41.5471,-93.6668,679,515
1374,US,TX,Houston,77084,29.8327,-95.6627,618,281
1375,US,IA,Forest City,50436,43.2611,-93.6848,611,641
1376,US,AL,Chatom,36518,31.4722,-88.2522,686,251
1377,US,IA,Waterloo,50703,42.5558,-92.2585,637,319
1378,US,IA,Johnston,50131,41.7031,-93.7204,679,515
1379,US,MA,Cambridge,2142,42.3626,-71.0843,506,617
1380,US,TX,Houston,77031,29.6572,-95.5496,618,713
1381,US,MA,North Billerica,1862,42.571,-71.2755,506,978
1382,US,MA,Braintree,2184,42.2032,-71.0096,506,781
1383,US,MA,Hampden,1036,42.0679,-72.4185,543,413
1384,US,MA,Medford,2155,42.4247,-71.1112,506,781
1385,US,NY,Latham,12110,42.7526,-73.7804,532,518
1386,US,TX,Houston,77043,29.817,-95.5811,618,713
1387,US,CA,Livermore,94550,37.5038,-121.5253,807,925
1388,US,LA,Baton Rouge,70816,30.4285,-91.0195,716,225
1389,US,IA,Story City,50248,42.1943,-93.6295,679,515
1390,US,KY,Van Lear,41265,37.7585,-82.7132,564,606
1391,US,IL,Mount Prospect,60056,42.0624,-87.9309,602,847
1392,US,MO,Perryville,63775,37.7307,-89.906,632,573
1393,US,MO,Eureka,63025,38.5105,-90.6365,609,636
1394,US,IL,Springfield,62701,39.8011,-89.6502,648,217
1395,US,IL,East Saint Louis,62201,38.6125,-90.1678,609,618
1397,US,VT,Springfield,5156,43.323,-72.47,523,802
1398,US,LA,Houma,70360,29.6076,-90.8146,622,985
1399,US,NH,Troy,3465,42.8296,-72.1855,506,603
1400,US,TX,Sugar Land,77479,29.5557,-95.6335,618,281
1401,US,NH,Manchester,3103,42.9403,-71.4435,506,603
1402,US,MD,Hyattsville,20781,38.9545,-76.9443,511,301
1403,US,IL,Murphysboro,62966,37.768,-89.3275,632,618
1404,US,IL,Springfield,62704,39.772,-89.6859,648,217
1405,US,TN,Dresden,38225,36.3365,-88.6714,632,731
1406,US,TX,Brownsville,78521,25.9509,-97.3254,636,956
1407,US,TX,Vidor,77662,30.1821,-94.0098,692,409
1408,US,MS,Batesville,38606,34.2988,-89.9478,640,662
1409,US,MS,Oxford,38655,34.3402,-89.4833,640,662
1410,US,TN,Savannah,38372,35.2046,-88.1499,639,731
1411,US,TN,Memphis,38125,35.029,-89.7822,640,901
1412,US,MS,West Point,39773,33.6521,-88.6953,673,662
1413,US,WI,Milwaukee,53212,43.0745,-87.9078,617,414
1414,US,TN,Memphis,38133,35.2094,-89.7932,640,901
1415,US,OK,Oklahoma City,73127,35.4835,-97.654,650,405
1416,US,AR,Batesville,72501,35.7881,-91.6458,693,870
1417,US,TN,Oakland,38060,35.2199,-89.4996,640,901
1418,US,HI,Honolulu,96813,21.3209,-157.8389,744,808
1419,US,HI,Waipahu,96797,21.4116,-158.0183,744,808
1420,US,AZ,Tolleson,85353,33.4223,-112.2725,753,623
1421,US,HI,Aiea,96701,21.4094,-157.8982,744,808
1422,US,AZ,Mesa,85210,33.3861,-111.8469,753,480
1423,US,MO,Saint Louis,63110,38.6253,-90.2694,609,314
1424,US,HI,Honolulu,96817,21.3422,-157.8374,744,808
1425,US,HI,Kahului,96732,20.8802,-156.4689,744,808
1426,US,TX,Houston,77094,29.7602,-95.6829,618,281
1427,US,HI,Kapolei,96707,21.3775,-158.0862,744,808
1428,US,HI,Hilo,96720,19.6976,-155.1413,744,808
1429,US,IL,Collinsville,62234,38.6918,-89.9911,609,618
1430,US,MO,Florissant,63033,38.7955,-90.2755,609,314
1431,US,NY,Yonkers,10701,40.9513,-73.8773,501,914
1432,US,HI,Honolulu,96819,21.3629,-157.8727,744,808
1433,US,KY,Richmond,40475,37.7666,-84.3031,541,859
1434,US,CT,Derby,6418,41.3333,-73.1019,533,203
1435,US,MO,Scott City,63780,37.1784,-89.5383,632,573
1436,US,HI,Kihei,96753,20.6989,-156.443,744,808
1437,US,FL,Sarasota,34239,27.3101,-82.5214,539,941
1438,US,HI,Honolulu,96826,21.296,-157.8274,744,808
1439,US,CA,Los Angeles,90028,34.1006,-118.3275,803,323
1440,US,VA,King George,22485,38.2733,-77.1739,511,540
1441,US,VA,Orange,22960,38.2207,-78.0559,556,540
1442,US,ND,Bismarck,58503,46.9106,-100.7588,687,701
1443,US,FL,Fort Myers,33913,26.5299,-81.6907,571,239
1444,US,NY,West Harrison,10604,41.0568,-73.7304,501,914
1445,US,ND,Fargo,58103,46.8543,-96.8284,724,701
1446,US,NH,Portsmouth,3801,43.0677,-70.8008,506,603
1447,US,ND,Jamestown,58401,46.8992,-98.7458,724,701
1448,US,MN,Canby,56220,44.705,-96.2518,613,507
1449,US,MN,Minneapolis,55431,44.8267,-93.3132,613,952
1450,US,TX,Arlington,76011,32.7575,-97.076,623,817
1451,US,MN,Austin,55912,43.673,-92.9592,611,507
1452,US,MN,Sauk Centre,56378,45.7265,-94.9847,613,320
1453,US,ND,Minot,58703,48.336,-101.3256,687,701
1454,US,MN,Minneapolis,55439,44.8745,-93.3752,613,952
1455,US,MA,Boston,2110,42.3582,-71.0507,506,617
1456,US,MA,Boston,2124,42.2848,-71.0741,506,617
1457,US,TX,Dallas,75204,32.8019,-96.7883,623,214
1458,US,LA,Addis,70710,30.349,-91.2855,716,225
1459,US,TX,Houston,77002,29.7523,-95.367,618,713
1460,US,PA,Collegeville,19426,40.1879,-75.4254,504,610
1461,US,PA,Coatesville,19320,39.9683,-75.8267,504,610
1462,US,PA,Reading,19610,40.3377,-75.9769,504,610
1463,US,PA,Exton,19341,40.0409,-75.6374,504,610
1464,US,PA,Telford,18969,40.3265,-75.3697,504,215
1465,US,PA,Phoenixville,19460,40.1246,-75.5385,504,610
1466,US,PA,Pottstown,19464,40.2605,-75.6155,504,610
1467,US,PA,Newtown Square,19073,39.9853,-75.4367,504,610
1468,US,PA,Chadds Ford,19317,39.8554,-75.6342,504,610
1469,US,PA,Bryn Mawr,19010,40.0266,-75.3333,504,610
1470,US,PA,Allentown,18195,40.5844,-75.6246,504,610
1471,US,PA,West Chester,19380,39.9893,-75.612,504,610
1472,US,PA,Lansdale,19446,40.2262,-75.2931,504,215
1473,US,PA,Emmaus,18049,40.5189,-75.5013,504,610
1474,US,GA,Atlanta,31139,33.749,-84.388,524,678
1475,US,PA,West Chester,19382,39.9239,-75.6203,504,610
1476,US,PA,Montgomeryville,18936,40.2216,-75.2264,504,215
1477,US,DE,Wilmington,19850,39.746,-75.5466,504,302
1478,US,PA,Wayne,19087,40.0548,-75.4083,504,610
1479,US,PA,Plymouth Meeting,19462,40.1158,-75.2842,504,610
1480,US,MS,Tylertown,39667,31.1468,-90.0908,718,601
1481,US,TX,Gainesville,76240,33.7009,-97.1629,623,940
1482,US,PA,Ardmore,19003,40.0024,-75.3008,504,610
1483,US,PA,Mohnton,19540,40.2391,-75.966,504,610
1484,US,PA,Bethlehem,18020,40.6686,-75.3295,504,610
1485,US,PA,Allentown,18103,40.5678,-75.4828,504,610
1486,US,DE,Newark,19702,39.6155,-75.7044,504,302
1487,US,TX,Alvin,77511,29.3656,-95.2525,618,281
1488,US,PA,Media,19063,39.9193,-75.419,504,610
1489,US,NC,Concord,28027,35.4198,-80.6748,517,704
1490,US,PA,Valley Forge,19482,39.9845,-76.7075,504,610
1491,US,PA,Bethlehem,18017,40.6552,-75.3814,504,610
1492,US,PA,Easton,18045,40.691,-75.2793,504,610
1493,US,FL,Clearwater,33761,28.0291,-82.7241,539,727
1494,US,PA,Feasterville Trevose,19053,40.1584,-74.9732,504,215
1495,US,PA,Coopersburg,18036,40.5021,-75.3765,504,610
1496,US,LA,Robeline,71469,31.7163,-93.3345,612,318
1497,US,PA,Easton,18042,40.6415,-75.2276,504,610
1498,US,PA,Conshohocken,19428,40.0798,-75.2855,504,610
1499,US,TX,Spring,77386,30.0983,-95.357,618,281
1500,US,DE,Bear,19701,39.6025,-75.6945,504,302
1501,US,PA,Oakdale,15071,40.4064,-80.1876,508,412
1502,US,DE,Wilmington,19899,39.746,-75.5466,504,302
1503,US,DE,Wilmington,19801,39.7157,-75.5281,504,302
1504,US,TX,Austin,78759,30.4,-97.7528,635,512
1505,US,NY,New York,10012,40.7267,-73.9981,501,212
1506,US,PA,Reading,19605,40.4181,-75.9358,504,610
1507,US,TX,Grapevine,76051,32.9234,-97.081,623,817
1508,US,PA,Paoli,19301,40.0403,-75.4854,504,610
1509,US,MA,Hyde Park,2136,42.2533,-71.1293,506,617
1510,US,MA,Hanover,2339,42.1226,-70.8517,506,781
1511,US,TX,Houston,77024,29.7686,-95.5044,618,713
1512,US,PA,Norristown,19403,40.1545,-75.3809,504,610
1513,US,TX,Houston,77006,29.7395,-95.3879,618,713
1514,US,PA,Fogelsville,18051,40.5996,-75.6665,504,610
1515,US,DE,Wilmington,19806,39.7589,-75.565,504,302
1516,US,PA,Wynnewood,19096,39.9984,-75.2712,504,610
1517,US,PA,Devon,19333,40.0396,-75.4225,504,610
1519,US,TX,Houston,77082,29.7221,-95.6407,618,281
1520,US,PA,Reading,19611,40.3259,-75.9393,504,610
1521,US,PA,Berwyn,19312,40.0308,-75.4499,504,610
1522,US,KY,Lexington,40511,38.1346,-84.4958,541,859
1523,US,PA,Pittsburgh,15237,40.5465,-80.0525,508,412
1524,US,DE,Newark,19713,39.6734,-75.7052,504,302
1525,US,TX,Rosenberg,77471,29.5272,-95.8764,618,281
1526,US,WA,Gig Harbor,98335,47.2945,-122.622,819,253
1527,US,WA,Woodinville,98072,47.757,-122.0928,819,425
1528,US,WA,Seattle,98104,47.6026,-122.3284,819,206
1529,US,NV,Las Vegas,89103,36.11,-115.2118,839,702
1530,US,WA,Bellevue,98006,47.5527,-122.1479,819,425
1531,US,TX,Houston,77017,29.6836,-95.2565,618,713
1532,US,WA,Renton,98055,47.4637,-122.2135,819,425
1533,US,MT,Saint Ignatius,59865,47.3294,-114.0231,762,406
1534,US,WA,Burlington,98233,48.5323,-122.3184,819,360
1535,US,CT,Greenwich,6830,41.0429,-73.6268,501,203
1536,US,TX,Plano,75093,33.0347,-96.8134,623,972
1537,US,CA,San Bernardino,92408,34.078,-117.2578,803,909
1538,US,CO,Mosca,81146,37.6352,-105.7138,773,719
1539,US,WA,Seattle,98101,47.6103,-122.3341,819,206
1540,US,WA,Seattle,98161,47.4323,-121.8034,819,206
1541,US,CO,Broomfield,80021,39.8938,-105.1144,751,303
1542,US,WA,Bellevue,98004,47.6154,-122.2103,819,425
1543,US,WA,Seattle,98117,47.6847,-122.3848,819,206
1544,US,NY,New York,10002,40.7168,-73.9861,501,212
1545,US,NM,Albuquerque,87107,35.1445,-106.6447,790,505
1546,US,GA,Norcross,30092,33.9681,-84.2304,524,770
1547,US,WA,Bellevue,98005,47.6201,-122.1653,819,425
1548,US,KS,Ottawa,66067,38.6227,-95.2689,616,785
1549,US,WA,Seattle,98109,47.6344,-122.3422,819,206
1550,US,WA,Everett,98206,47.979,-122.2021,819,425
1551,US,MS,Bay Saint Louis,39520,30.2694,-89.4548,622,228
1552,US,MA,Taunton,2780,41.9113,-71.13,521,508
1553,US,WA,Redmond,98052,47.6801,-122.1206,819,425
1554,US,WA,Auburn,98002,47.3101,-122.2042,819,253
1555,US,CA,Desert Hot Springs,92241,33.8353,-116.2984,804,760
1556,US,LA,Jennings,70546,30.2547,-92.6759,642,337
1557,US,IN,Greencastle,46135,39.6597,-86.8663,527,765
1558,US,TX,Austin,78731,30.3389,-97.7707,635,512
1559,US,WA,Tacoma,98421,47.264,-122.392,819,253
1560,US,WA,Yelm,98597,46.8719,-122.5737,819,360
1561,US,TX,San Angelo,76901,31.5468,-100.561,661,325
1562,US,WA,Bellevue,98007,47.6201,-122.1408,819,425
1563,US,IL,Bourbonnais,60914,41.1916,-87.8555,602,815
1564,US,WA,Lynnwood,98037,47.8561,-122.2829,819,425
1565,US,WA,Seattle,98188,47.4485,-122.281,819,206
1566,US,WA,Seattle,98134,47.5716,-122.3327,819,206
1567,US,WA,Seattle,98154,47.6063,-122.3336,819,206
1568,US,WA,Pacific,98047,47.2585,-122.246,819,253
1569,US,PA,Erie,16509,42.0577,-80.0434,516,814
1570,US,AK,Anchorage,99501,61.2231,-149.8528,743,907
1571,US,ND,Bismarck,58502,46.8083,-100.7837,687,701
1572,US,TX,Dallas,75229,32.8928,-96.8708,623,214
1573,US,WA,Sunnyside,98944,46.4436,-119.9189,810,509
1574,US,CA,San Diego,92128,32.9954,-117.0753,825,858
1575,US,OH,Cleveland,44128,41.4379,-81.5366,510,216
1576,US,FL,Orlando,32803,28.5553,-81.3467,534,407
1577,US,TX,Houston,77081,29.7078,-95.4737,618,713
1578,US,TX,Hearne,77859,30.8645,-96.5391,625,979
1579,US,WA,Mount Vernon,98273,48.4298,-122.4276,819,360
1580,US,UT,Ogden,84404,41.2471,-112.1316,770,801
1581,US,WA,Redmond,98073,47.674,-122.1215,819,425
1582,US,CA,Anaheim,92806,33.8312,-117.8673,803,714
1583,US,WA,Lakebay,98349,47.2833,-122.7747,819,253
1584,US,TX,Houston,77042,29.7419,-95.5643,618,713
1585,US,LA,Metairie,70002,30.01,-90.1628,622,504
1586,US,WA,Bremerton,98312,47.571,-122.7568,819,360
1587,US,PA,New Bloomfield,17068,40.408,-77.176,566,717
1588,US,CA,Los Angeles,90012,34.0674,-118.2423,803,213
1589,US,LA,New Orleans,70123,29.9505,-90.2057,622,504
1590,US,WA,Seattle,98168,47.4891,-122.2908,819,206
1591,US,NV,Las Vegas,89109,36.1189,-115.1233,839,702
1592,US,NJ,Summit,7901,40.7139,-74.3689,501,908
1593,US,WA,Bellingham,98225,48.7395,-122.4809,819,360
1594,US,MT,Billings,59102,45.7661,-108.5789,756,406
1595,US,FL,Hollywood,33027,25.9825,-80.3434,528,954
1596,US,TX,Richardson,75080,32.9722,-96.7376,623,972
1597,US,MA,Peabody,1960,42.5324,-70.9736,506,978
1598,US,TX,Christine,78012,28.8036,-98.4763,641,830
1599,US,WA,Port Angeles,98362,47.9961,-123.2519,819,360
1600,US,WA,Auburn,98001,47.3078,-122.2643,819,253
1601,US,MO,Chesterfield,63017,38.65,-90.5334,609,314
1602,US,WA,Federal Way,98003,47.3078,-122.3177,819,253
1603,US,TX,Austin,78758,30.384,-97.7073,635,512
1604,US,OH,Cleveland,44124,41.4973,-81.4714,510,440
1605,US,TX,Austin,78751,30.3106,-97.7227,635,512
1606,US,WA,Winthrop,98862,48.5078,-120.3362,881,509
1607,US,VA,Fredericksburg,22405,38.3205,-77.4113,511,540
1608,US,VA,Harrisonburg,22801,38.4031,-78.8914,569,540
1609,US,IL,Northbrook,60062,42.1197,-87.8445,602,847
1610,US,GA,Kennesaw,30144,34.0331,-84.6011,524,770
1611,US,PA,Philadelphia,19108,39.9523,-75.1638,504,610
1612,US,KY,Pikeville,41501,37.4879,-82.4956,564,606
1613,US,PA,Philadelphia,19149,40.0393,-75.0667,504,215
1614,US,VA,Ashburn,20147,39.0335,-77.4838,511,703
1615,US,AZ,Phoenix,85008,33.4627,-111.9856,753,602
1616,US,ID,Caldwell,83605,43.6604,-116.6383,757,208
1617,US,TX,Port Arthur,77642,29.9422,-93.8784,692,409
1618,US,OK,Lawton,73505,34.5798,-98.488,627,580
1619,US,TX,Austin,78753,30.3796,-97.6757,635,512
1620,US,NE,North Platte,69101,41.1191,-100.7915,740,308
1621,US,FL,Orlando,32801,28.5445,-81.3706,534,407
1622,US,IL,Trenton,62293,38.6182,-89.7065,609,618
1623,US,MO,Fenton,63026,38.4981,-90.46,609,636
1624,US,MO,Saint Louis,63122,38.5776,-90.4245,609,314
1625,US,IL,Benton,62812,37.993,-88.9211,632,618
1626,US,IL,Jacksonville,62650,39.7401,-90.2388,648,217
1627,US,IL,Virginia,62691,39.9672,-90.2041,717,217
1628,US,IL,Sullivan,61951,39.5879,-88.5813,648,217
1629,US,TX,Odessa,79763,31.8093,-102.4546,633,432
1630,US,MO,Potosi,63664,37.9299,-90.9077,609,573
1631,US,MO,Herculaneum,63048,38.2591,-90.3928,609,636
1632,US,MO,Earth City,63045,38.7677,-90.4678,609,314
1633,US,IL,Casey,62420,39.3014,-87.9999,581,217
1634,US,CA,Palm Desert,92211,33.7724,-116.3458,804,760
1635,US,HI,Pearl Harbor,96860,24.8598,-168.0218,744,808
1636,US,TX,Richardson,75082,32.9914,-96.6645,623,972
1637,US,TX,Plano,75024,33.0812,-96.8133,623,972
1638,US,TX,Austin,78744,30.176,-97.7373,635,512
1639,US,TX,San Antonio,78258,29.6569,-98.5107,641,210
1640,US,TX,Houston,77058,29.5672,-95.0925,618,281
1641,US,KY,Hopkinsville,42240,36.9074,-87.4597,659,270
1642,US,TX,Houston,77056,29.7489,-95.4678,618,713
1643,US,HI,Waikoloa,96738,19.9305,-155.7967,744,808
1644,US,TX,Round Rock,78681,30.5321,-97.7286,635,512
1645,US,KS,Atwood,67730,39.7993,-101.0944,678,785
1646,US,KS,De Soto,66018,38.9644,-94.9806,616,913
1647,US,MO,Riverside,64150,39.1717,-94.6323,616,816
1648,US,KS,Kansas City,66101,39.1185,-94.6248,616,913
1649,US,HI,Honolulu,96814,21.2967,-157.8498,744,808
1650,US,TX,Tyler,75703,32.2313,-95.2958,709,903
1651,US,MO,Republic,65738,37.1291,-93.5151,619,417
1652,US,LA,Belle Chasse,70037,29.7813,-90.0444,622,504
1653,US,DC,Washington,20560,38.8933,-77.0146,511,202
1654,US,MO,Kansas City,64133,39.0199,-94.4641,616,816
1655,US,MO,Kansas City,64131,38.9604,-94.5764,616,816
1656,US,MO,Moberly,65270,39.4037,-92.4088,604,660
1657,US,IL,Chicago,60617,41.7105,-87.5645,602,773
1658,US,PA,Erie,16501,42.1195,-80.0788,516,814
1659,US,LA,Alexandria,71301,31.2815,-92.4693,644,318
1660,US,KS,Chase,67524,38.3622,-98.3875,678,620
1661,US,AZ,Scottsdale,85258,33.561,-111.9089,753,480
1662,US,AZ,Phoenix,85043,33.4274,-112.2038,753,602
1663,US,TX,Austin,78730,30.3703,-97.8454,635,512
1664,US,IL,Mokena,60448,41.533,-87.8898,602,708
1665,US,TX,Austin,78734,30.3814,-97.9355,635,512
1666,US,OK,Tulsa,74107,36.11,-96.0451,671,918
1667,US,MS,Lucedale,39452,30.8808,-88.5922,686,601
1668,US,AZ,Tucson,85711,32.2132,-110.8873,789,520
1669,US,AZ,Tucson,85715,32.2528,-110.8282,789,520
1670,US,AZ,Tucson,85741,32.3369,-111.0502,789,520
1671,US,AZ,Scottsdale,85260,33.6119,-111.8906,753,480
1672,US,UT,Salt Lake City,84130,40.7608,-111.8911,770,801
1673,US,SC,Rock Hill,29730,34.8889,-81.0237,517,803
1674,US,CA,San Diego,92109,32.7977,-117.2335,825,858
1675,US,AZ,Tucson,85747,32.1001,-110.6892,789,520
1676,US,UT,Ogden,84405,41.1544,-111.9796,770,801
1677,US,KS,Oswego,67356,37.1774,-95.1709,603,620
1678,US,AZ,Phoenix,85003,33.4549,-112.0777,753,602
1679,US,CA,Montclair,91763,34.071,-117.701,803,909
1680,US,AR,Fort Smith,72908,35.3029,-94.4068,670,479
1681,US,AZ,Rio Rico,85648,31.5017,-111.0688,789,520
1682,US,VA,Williamsburg,23188,37.354,-76.7467,544,757
1683,US,TX,Port Lavaca,77979,28.601,-96.699,618,361
1684,US,GA,Royston,30662,34.2562,-83.1676,567,706
1685,US,TX,Tyler,75708,32.4218,-95.2056,709,903
1686,US,GA,Alpharetta,30005,34.0918,-84.2209,524,770
1687,US,MD,Elkridge,21075,39.2058,-76.748,512,410
1688,US,AZ,Phoenix,85016,33.5091,-112.0265,753,602
1689,US,AZ,Phoenix,85020,33.5725,-112.0564,753,602
1690,US,LA,Covington,70433,30.4574,-90.143,622,985
1691,US,AZ,Goodyear,85338,33.3776,-112.3874,753,623
1692,US,AZ,Nogales,85621,31.4502,-110.8311,789,520
1693,US,NC,Cherokee,28719,35.5161,-83.2733,567,828
1694,US,CA,Los Gatos,95032,37.2304,-121.9505,807,408
1695,US,AZ,Mesa,85206,33.3936,-111.7161,753,480
1696,US,CA,Morgan Hill,95038,37.1305,-121.6544,807,408
1697,US,CA,Camarillo,93012,34.2041,-118.9807,803,805
1698,US,AZ,Winslow,86047,35.1013,-110.6473,753,928
1699,US,NJ,Teaneck,7666,40.8889,-74.0119,501,201
1700,US,CA,Glendale,91203,34.1526,-118.2645,803,818
1701,US,AZ,Peoria,85382,33.6574,-112.2463,753,623
1702,US,CA,Pleasanton,94588,37.6704,-121.9374,807,925
1703,US,NY,New York,10103,40.7609,-73.9779,501,212
1704,US,NC,Charlotte,28273,35.1232,-80.9343,517,704
1705,US,NE,Shelton,68876,40.8209,-98.7443,722,308
1706,US,AZ,Chandler,85248,33.2414,-111.9654,753,480
1707,US,CA,Los Angeles,90040,33.9939,-118.145,803,323
1708,US,CO,Denver,80204,39.737,-105.0203,751,303
1709,US,CA,Los Angeles,90045,33.9571,-118.4041,803,310
1710,US,AZ,Phoenix,85013,33.5091,-112.0824,753,602
1711,US,AZ,Phoenix,85024,33.6888,-112.0433,753,602
1712,US,AZ,Tucson,85701,32.2179,-110.9686,789,520
1713,US,AZ,Tucson,85706,32.0751,-110.8845,789,520
1714,US,AZ,Arizona City,85223,32.7559,-111.671,753,520
1715,US,CA,Victorville,92392,34.4954,-117.3686,803,760
1716,US,IL,Savoy,61874,40.0583,-88.2573,648,217
1717,US,AZ,Tucson,85713,32.1933,-110.9894,789,520
1718,US,CA,San Diego,92117,32.8183,-117.1966,825,858
1719,US,NJ,Swedesboro,8085,39.7437,-75.3462,504,856
1720,US,AZ,Phoenix,85015,33.5092,-112.1009,753,602
1721,US,NY,Rochester,14609,43.179,-77.555,538,585
1722,US,NV,Las Vegas,89144,36.1787,-115.3152,839,702
1723,US,GA,Atlanta,30303,33.7516,-84.3915,524,404
1724,US,NY,New York,10003,40.7317,-73.9885,501,212
1725,US,AL,Eufaula,36027,31.9184,-85.2086,522,334
1726,US,NY,Bellerose,11426,40.7386,-73.7224,501,718
1727,US,NY,Valley Stream,11581,40.653,-73.7145,501,516
1728,US,NY,New York,10175,40.7543,-73.9798,501,212
1729,US,AL,Warrior,35180,33.8185,-86.84,630,205
1730,US,AL,Montgomery,36109,32.392,-86.2415,698,334
1731,US,AL,Daleville,36322,31.2545,-85.7133,606,334
1732,US,AL,Trussville,35173,33.6464,-86.5696,630,205
1733,US,AL,Birmingham,35242,33.4168,-86.6801,630,205
1734,US,AL,Enterprise,36330,31.3076,-85.8806,606,334
1735,US,MD,Lexington Park,20653,38.2345,-76.4308,511,301
1736,US,AL,Arab,35016,34.3122,-86.5049,691,256
1737,US,GA,Norcross,30071,33.9443,-84.2124,524,770
1738,US,AL,Moundville,35474,32.9394,-87.5851,630,205
1739,US,FL,Clearwater,33762,27.8959,-82.672,539,727
1740,US,AL,Verbena,36091,32.7581,-86.5155,698,205
1741,US,AL,Houston,35572,34.1849,-87.3023,630,205
1742,US,NJ,Voorhees,8043,39.8413,-74.9375,504,856
1743,US,CA,Yucaipa,92399,34.0486,-117.0143,803,909
1744,US,AL,Tuscaloosa,35406,33.3323,-87.4741,630,205
1745,US,AL,Scottsboro,35768,34.8023,-86.1028,691,256
1746,US,NY,New York,10167,40.7549,-73.975,501,212
1747,US,NY,Port Washington,11050,40.8373,-73.6938,501,516
1748,US,CA,San Diego,92154,32.5694,-117.0158,825,619
1749,US,CA,San Diego,92108,32.7773,-117.1008,825,619
1750,US,MI,Lansing,48912,42.7422,-84.5255,551,517
1751,US,CA,Escondido,92046,33.1192,-117.0864,825,760
1752,US,CA,San Diego,92130,32.957,-117.1979,825,858
1753,US,CA,San Diego,92111,32.8072,-117.1649,825,858
1754,US,CA,Simi Valley,93065,34.2521,-118.7843,803,805
1755,US,OR,Lake Oswego,97035,45.4114,-122.724,820,503
1756,US,CA,Spring Valley,91978,32.715,-116.9444,825,619
1757,US,CA,San Diego,92123,32.8073,-117.1324,825,858
1758,US,CA,San Diego,92126,32.8897,-117.1336,825,858
1759,US,CA,Escondido,92026,33.223,-117.1069,825,760
1760,US,NY,Marlboro,12542,41.6023,-74.0033,501,845
1761,US,UT,Salt Lake City,84116,40.8194,-111.9463,770,801
1762,US,CA,Chula Vista,91910,32.6361,-117.0532,825,619
1763,US,CA,San Marcos,92069,33.1565,-117.1707,825,760
1764,US,NY,Brooklyn,11220,40.6406,-74.0169,501,718
1765,US,CA,Tulare,93274,36.1815,-119.3623,866,559
1766,US,CA,San Diego,92135,32.7153,-117.1573,825,619
1768,US,NJ,Island Heights,8732,39.9421,-74.1499,501,732
1769,US,TX,Odessa,79765,31.9065,-102.2513,633,432
1770,US,CA,San Diego,92102,32.7208,-117.0931,825,619
1771,US,CA,San Diego,92101,32.7191,-117.1607,825,619
1772,US,CA,Encinitas,92024,33.0501,-117.2528,825,760
1773,US,FL,Saint Petersburg,33706,27.7207,-82.7376,539,727
1774,US,FL,North Miami Beach,33160,25.9266,-80.1443,528,305
1775,US,CA,Carlsbad,92008,33.1357,-117.3019,825,760
1776,US,CA,El Cajon,92020,32.7952,-116.9671,825,619
1777,US,CA,San Diego,92120,32.7964,-117.069,825,619
1778,US,NM,Silver City,88061,32.679,-108.5064,790,575
1779,US,NM,Las Cruces,88005,32.2471,-106.8232,765,575
1780,US,CA,La Jolla,92037,32.8667,-117.2481,825,858
1781,US,NJ,North Bergen,7047,40.7904,-74.0246,501,201
1782,US,NY,New York,10177,40.7553,-73.9761,501,212
1783,US,CA,Vista,92083,33.182,-117.2468,825,760
1784,US,CA,Sanger,93657,36.7963,-119.4454,866,559
1785,US,CO,Aurora,80011,39.7397,-104.794,751,303
1786,US,CA,Escondido,92029,33.087,-117.1329,825,760
1787,US,CA,Coronado,92118,32.6505,-117.1492,825,619
1788,US,CA,Chula Vista,91914,32.6644,-116.946,825,619
1789,US,CA,Chula Vista,91915,32.6087,-116.9365,825,619
1791,US,CA,Calexico,92231,32.6914,-115.5171,771,760
1792,US,CA,Poway,92064,32.9775,-117.0232,825,858
1793,US,CA,Pasadena,91101,34.147,-118.1392,803,626
1794,US,RI,Providence,2905,41.7861,-71.4001,521,401
1795,US,FL,Miami,33134,25.7541,-80.271,528,305
1796,US,CA,San Diego,92131,32.8943,-117.0763,825,858
1797,US,NY,Buffalo,14221,42.9864,-78.7279,514,716
1798,US,OH,Millersburg,44654,40.5131,-81.8689,510,330
1799,US,CA,Camarillo,93010,34.2321,-119.0752,803,805
1800,US,CA,West Hills,91307,34.2034,-118.6922,803,818
1801,US,CA,Carpinteria,93013,34.4335,-119.5223,855,805
1802,US,CA,Santa Barbara,93110,34.4386,-119.7696,855,805
1803,US,CA,North Hills,91343,34.2387,-118.4772,803,818
1804,US,CA,Redlands,92373,34.0008,-117.1266,803,909
1805,US,CA,Woodland Hills,91367,34.1749,-118.6152,803,818
1806,US,CA,Rohnert Park,94928,38.3433,-122.7041,807,707
1807,US,TX,San Antonio,78201,29.4713,-98.5353,641,210
1808,US,CA,Northridge,91324,34.2417,-118.5504,803,818
1809,US,FL,Gainesville,32606,29.6851,-82.4324,592,352
1810,US,CA,Woodland Hills,91364,34.1519,-118.6002,803,818
1811,US,CA,Lompoc,93436,34.6045,-120.398,855,805
1812,US,CA,Nipomo,93444,35.0508,-120.4858,855,805
1813,US,VA,Covington,24426,37.7781,-80.0591,573,540
1814,US,FL,Islamorada,33036,24.8651,-80.713,528,305
1815,US,CA,Santa Ana,92705,33.7633,-117.7942,803,714
1816,US,CA,Palmdale,93550,34.52,-118.0835,803,661
1817,US,CA,Encino,91436,34.154,-118.4982,803,818
1818,US,CA,Los Angeles,90035,34.0523,-118.3852,803,310
1819,US,WV,Charleston,25304,38.2944,-81.6096,564,304
1820,US,OH,Maumee,43537,41.5755,-83.6847,547,419
1821,US,CA,Santa Monica,90404,34.0256,-118.4716,803,310
1822,US,CA,Burbank,91505,34.1753,-118.3472,803,818
1823,US,CA,Sylmar,91342,34.321,-118.383,803,818
1824,US,CA,Santa Maria,93458,34.9556,-120.5027,855,805
1825,US,CA,Santa Ynez,93460,34.6452,-120.0244,855,805
1826,US,PA,Saint Marys,15857,41.4425,-78.5341,574,814
1827,US,NY,Buffalo,14228,43.0385,-78.7643,514,716
1828,US,TX,Fort Worth,76106,32.8005,-97.3586,623,817
1829,US,NY,Ellicottville,14731,42.2998,-78.6489,514,716
1830,US,AR,Little Rock,72204,34.7101,-92.3546,693,501
1831,US,WV,Snowshoe,26209,38.4134,-80.0068,573,304
1832,US,NY,Buffalo,14227,42.8854,-78.7503,514,716
1833,US,NY,Buffalo,14202,42.8884,-78.8761,514,716
1834,US,NY,Niagara Falls,14303,43.0836,-79.0301,514,716
1835,US,CA,Goleta,93117,34.5021,-120.1287,855,805
1836,US,NJ,Morris Plains,7950,40.8447,-74.4781,501,973
1837,US,CA,Thousand Oaks,91360,34.2133,-118.88,803,805
1838,US,MD,Montgomery Village,20886,39.1752,-77.177,511,301
1839,US,CO,Grand Junction,81506,39.1264,-108.5363,773,970
1840,US,IN,Fort Wayne,46808,41.1005,-85.182,509,260
1841,US,TX,Houston,77098,29.7346,-95.416,618,713
1842,US,NE,Omaha,68102,41.2636,-95.9353,652,402
1843,US,IN,Fort Wayne,46825,41.1566,-85.111,509,260
1844,US,MA,Billerica,1821,42.5493,-71.2558,506,978
1845,US,TX,Katy,77494,29.7397,-95.8302,618,281
1846,US,SC,Fort Mill,29715,35.0121,-80.8821,517,803
1847,US,CT,Norwalk,6851,41.1396,-73.4056,501,203
1848,US,CO,Denver,80203,39.732,-104.9839,751,303
1849,US,MA,Beverly,1915,42.5653,-70.8578,506,978
1850,US,CT,Middletown,6457,41.5497,-72.6531,533,860
1851,US,IL,Belleville,62226,38.542,-89.9919,609,618
1852,US,PA,Bradford,16701,41.9088,-78.7063,514,814
1853,US,CT,Farmington,6032,41.7252,-72.8295,533,860
1854,US,PA,Reading,19601,40.3514,-75.9306,504,610
1855,US,NY,Tonawanda,14150,42.9905,-78.842,514,716
1856,US,CT,Westport,6880,41.1449,-73.3428,501,203
1857,US,NY,Buffalo,14207,42.9516,-78.8941,514,716
1858,US,TX,Austin,78746,30.2955,-97.8133,635,512
1859,US,WI,Racine,53403,42.6929,-87.8043,617,262
1860,US,MA,Waltham,2453,42.3699,-71.2353,506,781
1861,US,MA,Waltham,,42.3765,-71.2356,506,781
1862,US,MA,Boston,2118,42.3366,-71.0726,506,617
1863,US,IN,Plainfield,46168,39.6858,-86.4106,527,317
1864,US,MA,Lexington,2421,42.4428,-71.2317,506,781
1865,US,MA,Revere,2151,42.4163,-70.9969,506,781
1866,US,OH,Columbus,43201,39.993,-82.9985,535,614
1867,US,TX,Fort Worth,76111,32.7821,-97.298,623,817
1868,US,MA,Waltham,2452,42.3947,-71.2171,506,781
1869,US,IL,Glen Carbon,62034,38.7549,-89.974,609,618
1870,US,MA,Chelmsford,1824,42.5879,-71.3498,506,978
1871,US,MD,Annapolis,21401,38.9879,-76.5454,512,410
1872,US,CO,Castle Rock,80104,39.3276,-104.8163,751,303
1873,US,AZ,Tucson,85739,32.5462,-110.952,789,520
1874,US,MI,Madison Heights,48071,42.5053,-83.1052,505,248
1875,US,MA,Quincy,2171,42.2856,-71.0278,506,617
1876,US,PA,Pittsburgh,15238,40.5373,-79.88,508,412
1877,US,NJ,Clifton,7011,40.8769,-74.1433,501,973
1878,US,MA,Springfield,1129,42.121,-72.4896,543,413
1879,US,AZ,Sedona,86336,34.9477,-111.9396,753,928
1880,US,AZ,Phoenix,85012,33.5083,-112.0717,753,602
1881,US,MI,Lansing,48951,42.7325,-84.5555,551,517
1882,US,TN,Brentwood,37027,35.9985,-86.7806,659,615
1883,US,NY,Rome,13441,43.2289,-75.4084,526,315
1884,US,NJ,Dunellen,8812,40.6071,-74.48,501,732
1885,US,NH,Concord,3302,43.2081,-71.5376,506,603
1886,US,NH,Concord,3301,43.2345,-71.5227,506,603
1887,US,CA,Visalia,93291,36.4063,-119.3809,866,559
1888,US,NH,Hampton,3842,42.9317,-70.8427,506,603
1889,US,IL,Belleville,62221,38.5121,-89.8998,609,618
1890,US,NH,Bedford,3110,42.9396,-71.5353,506,603
1891,US,NH,Nashua,3062,42.7305,-71.4958,506,603
1892,US,NH,Contoocook,3229,43.1998,-71.6954,506,603
1893,US,NH,Auburn,3032,42.9889,-71.3458,506,603
1894,US,VT,West Wardsboro,5360,43.0295,-72.8526,532,802
1895,US,VT,Ludlow,5149,43.4081,-72.7078,523,802
1896,US,VT,Rutland,5701,43.6445,-72.9005,523,802
1897,US,NH,Nashua,3063,42.7726,-71.5092,506,603
1898,US,NH,Berlin,3570,44.4338,-71.2707,500,603
1899,US,CA,Palmdale,93551,34.5873,-118.2454,803,661
1900,US,NH,Merrimack,3054,42.8502,-71.5155,506,603
1901,US,IL,Highland Park,60035,42.189,-87.8063,602,847
1902,US,NH,Bow,3304,43.1275,-71.5456,506,603
1903,US,MD,Cockeysville,21030,39.4918,-76.6328,512,410
1904,US,NH,Salem,3079,42.795,-71.2256,506,603
1905,US,NH,Stratham,3885,43.014,-70.899,506,603
1906,US,CT,Southington,6489,41.6005,-72.8764,533,860
1907,US,NH,Colebrook,3576,44.8945,-71.4959,500,603
1908,US,VT,Pittsfield,5762,43.7782,-72.8286,523,802
1909,US,NC,Durham,27704,36.0355,-78.8391,560,919
1910,US,NH,Rochester,3867,43.3029,-71.046,506,603
1911,US,VT,Windsor,5089,43.4883,-72.4566,523,802
1912,US,NH,Nashua,3060,42.7345,-71.4633,506,603
1913,US,NH,South Tamworth,3883,43.8166,-71.3144,500,603
1914,US,NH,Meredith,3253,43.6322,-71.5146,506,603
1915,US,MI,Utica,48315,42.6711,-82.9995,505,586
1916,US,TN,Charleston,37310,35.2577,-84.7132,575,423
1917,US,NH,Jackson,3846,44.1841,-71.2018,500,603
1918,US,NJ,Lebanon,8833,40.6421,-74.82,501,908
1919,US,CA,San Leandro,94578,37.7083,-122.1282,807,510
1920,US,MA,Newton,2458,42.3533,-71.1883,506,617
1921,US,IL,Matteson,60443,41.5061,-87.737,602,708
1922,US,GA,Atlanta,30328,33.9335,-84.3972,524,404
1923,US,IL,Maryville,62062,38.7252,-89.9671,609,618
1924,US,NY,Rochester,14626,43.2144,-77.7125,538,585
1925,US,MA,Duxbury,2332,42.0502,-70.695,506,781
1926,US,IL,Edwardsville,62025,38.849,-89.9385,609,618
1927,US,CA,San Jose,95128,37.3162,-121.9333,807,408
1928,US,MA,Wakefield,1880,42.5013,-71.0689,506,781
1929,US,MA,Lynn,1905,42.4642,-70.9717,506,781
1930,US,MA,Allston,2134,42.3596,-71.1287,506,617
1931,US,IL,O Fallon,62269,38.6019,-89.9138,609,618
1932,US,CA,Valley Springs,95252,38.161,-120.8414,862,209
1933,US,MA,Plymouth,2360,41.8734,-70.6394,506,508
1934,US,CT,Windsor,6095,41.8648,-72.6819,533,860
1935,US,IL,Bethalto,62010,38.9175,-90.0562,609,618
1936,US,MI,Redford,48239,42.3758,-83.2808,505,313
1937,US,MN,Minneapolis,55416,44.9493,-93.3363,613,612
1938,US,MN,Minneapolis,55414,44.9759,-93.2166,613,612
1939,US,MN,Minneapolis,55447,45.0029,-93.4875,613,763
1940,US,ND,Fargo,58102,46.9257,-96.8286,724,701
1941,US,MN,Burnsville,55337,44.7799,-93.2737,613,952
1942,US,ND,Fargo,58104,46.7921,-96.8827,724,701
1943,US,MN,Minneapolis,55420,44.8313,-93.2779,613,952
1944,US,MN,Eden Prairie,55344,44.8558,-93.4408,613,952
1945,US,MN,Hopkins,55343,44.9121,-93.4064,613,952
1946,US,MN,Lindstrom,55045,45.4045,-92.8325,613,651
1947,US,WI,Milwaukee,53233,43.0365,-87.9332,617,414
1948,US,CT,Darien,6820,41.0753,-73.481,501,203
1949,US,MN,Hopkins,55305,44.9518,-93.4339,613,952
1950,US,CT,Hartford,6103,41.7686,-72.6745,533,860
1951,US,IL,Elmwood Park,60707,41.9232,-87.8057,602,773
1952,US,PA,Thorndale,19372,39.9991,-75.7585,504,610
1953,US,OR,Portland,97204,45.5181,-122.6751,820,503
1954,US,IL,Chicago,60641,41.9466,-87.7466,602,773
1955,US,NC,Greensboro,27407,36.0074,-79.8732,518,336
1956,US,VA,Arlington,22203,38.8747,-77.113,511,703
1957,US,FL,Fort Pierce,34945,27.4594,-80.5341,548,772
1958,US,NY,New City,10956,41.1557,-73.99,501,845
1959,US,IL,Morton,61550,40.6108,-89.435,675,309
1960,US,LA,Kaplan,70548,29.9845,-92.3224,642,337
1961,US,IL,Oregon,61061,41.9895,-89.2981,610,815
1962,US,IA,Davenport,52806,41.5798,-90.625,682,563
1963,US,IL,Peoria,61636,40.6999,-89.5951,675,309
1964,US,IL,Peoria,61615,40.7774,-89.5749,675,309
1965,US,IL,Mapleton,61547,40.6267,-89.7418,675,309
1966,US,IL,Peoria,61602,40.6678,-89.6181,675,309
1967,US,IA,Cedar Rapids,52404,41.9106,-91.7142,637,319
1968,US,IL,Moline,61265,41.487,-90.4773,682,309
1969,US,IL,Milan,61264,41.3974,-90.5901,682,309
1970,US,IL,Crystal Lake,60014,42.2343,-88.3068,602,815
1971,US,PA,Philipsburg,16866,40.8624,-78.1734,574,814
1972,US,IA,Cedar Rapids,52402,42.0245,-91.662,637,319
1973,US,IA,Davenport,52802,41.4958,-90.63,682,563
1974,US,IA,Iowa City,52245,41.6695,-91.5133,637,319
1975,US,SC,Conway,29526,33.8634,-78.9753,570,843
1976,US,IL,Rock Island,61201,41.4867,-90.5725,682,309
1977,US,IL,Peoria,61607,40.6232,-89.6895,675,309
1978,US,IL,Pekin,61554,40.5494,-89.6252,675,309
1979,US,CA,San Dimas,91773,34.1066,-117.815,803,909
1980,US,CA,Van Nuys,91405,34.2023,-118.4468,803,818
1981,US,IN,South Bend,46601,41.6727,-86.2513,588,574
1982,US,PA,Beaver,15009,40.6974,-80.3735,508,724
1983,US,OK,Tonkawa,74653,36.6052,-97.326,650,580
1984,US,KY,London,40741,37.1328,-84.0964,541,606
1985,US,FL,Fort Lauderdale,33309,26.1882,-80.1711,528,954
1986,US,MN,Lakeville,55044,44.6307,-93.3034,613,952
1987,US,FL,West Palm Beach,33411,26.7063,-80.2072,548,561
1988,US,OR,Portland,97229,45.5534,-122.8192,820,503
1989,US,MN,Saint Cloud,56304,45.5248,-94.0414,613,320
1990,US,FL,Fort Lauderdale,33301,26.1209,-80.1273,528,954
1991,US,FL,Boca Raton,33431,26.3818,-80.1046,548,561
1992,US,WI,Minong,54859,46.1219,-91.8009,613,715
1993,US,VA,Fairfax,22031,38.8605,-77.263,511,703
1994,US,MI,Kalkaska,49646,44.7208,-85.0902,540,231
1995,US,MI,Zeeland,49464,42.8554,-85.9714,563,616
1996,US,MI,Hillman,49746,45.0295,-83.9533,583,989
1997,US,MI,Lansing,48917,42.7257,-84.636,551,517
1998,US,CA,Tustin,92780,33.7401,-117.8196,803,714
1999,US,CT,New Britain,6051,41.6666,-72.7696,533,860
2000,US,MO,Saint Louis,63109,38.5817,-90.295,609,314
2001,US,MI,Hastings,49058,42.6318,-85.2931,563,269
2002,US,CT,Avon,6001,41.79,-72.8735,533,860
2003,US,MN,Saint Paul,55111,44.8807,-93.1852,613,612
2004,US,MN,Saint Cloud,56303,45.5809,-94.2081,613,320
2005,US,MN,Chanhassen,55317,44.858,-93.5588,613,952
2006,US,CT,New London,6320,41.3452,-72.1088,533,860
2007,US,MN,Marshall,56258,44.4496,-95.7458,613,507
2008,US,CA,San Ramon,94582,37.7799,-121.978,807,925
2009,US,MI,Grand Rapids,49560,43.0314,-85.5503,563,616
2010,US,KS,Latham,67072,37.5266,-96.6299,678,620
2011,US,CA,Los Angeles,90021,34.0302,-118.2407,803,213
2012,US,NY,Bellmore,11710,40.6726,-73.5364,501,516
2013,US,VA,Stafford,22556,38.4702,-77.4956,511,540
2014,US,MI,Holland,49424,42.8526,-86.1263,563,616
2015,US,MN,Minneapolis,55427,45.0057,-93.3786,613,763
2016,US,CT,Waterbury,6702,41.559,-73.0373,533,203
2017,US,MN,Chaska,55318,44.8054,-93.6248,613,952
2018,US,MN,Mahnomen,56557,47.3252,-95.7931,724,218
2019,US,CO,Denver,80239,39.7841,-104.8381,751,303
2020,US,KS,Wichita,67206,37.7083,-97.2251,678,316
2021,US,KS,Wichita,67208,37.7068,-97.2787,678,316
2022,US,NJ,Ridgefield,7657,40.8308,-74.0115,501,201
2023,US,CA,San Francisco,94102,37.7794,-122.417,807,415
2024,US,CA,Loyalton,96118,39.6325,-120.2167,862,530
2025,US,CA,Long Beach,90802,33.7542,-118.2019,803,562
2026,US,SC,Mount Pleasant,29464,32.8229,-79.8549,519,843
2027,US,KS,Wichita,67218,37.6683,-97.2773,678,316
2028,US,OK,Bartlesville,74003,36.7503,-96.0705,671,918
2029,US,OK,Bristow,74010,35.8191,-96.3897,671,918
2030,US,KS,Wichita,67209,37.6585,-97.4419,678,316
2031,US,OK,Ponca City,74601,36.7164,-97.1536,650,580
2032,US,OK,Tulsa,74133,36.0402,-95.8796,671,918
2033,US,OK,Tulsa,74103,36.1554,-95.9939,671,918
2034,US,AR,Waldron,72958,34.9097,-94.0779,670,479
2035,US,TX,Rotan,79546,32.8662,-100.4676,662,325
2036,US,KS,Wichita,67207,37.672,-97.223,678,316
2037,US,KS,Hutchinson,67501,37.952,-97.9771,678,620
2038,US,CA,Mather,95655,38.5496,-121.2826,862,916
2039,US,TX,Grand Prairie,75050,32.7781,-96.9555,623,972
2041,US,LA,Bastrop,71220,32.8323,-91.8968,628,318
2042,US,TX,Dallas,75243,32.9143,-96.7366,623,214
2043,US,MA,South Deerfield,1373,42.4764,-72.6264,543,413
2044,US,TX,Irving,75038,32.8791,-96.9898,623,972
2045,US,TX,Arlington,76006,32.7814,-97.0997,623,817
2046,US,MS,Starkville,39759,33.4259,-88.8303,673,662
2047,US,CA,Sacramento,95817,38.5517,-121.4501,862,916
2048,US,TX,Longview,75602,32.4519,-94.6414,709,903
2049,US,OH,Bedford,44146,41.3891,-81.5368,510,440
2050,US,ND,Bismarck,58504,46.6731,-100.6271,687,701
2051,US,CO,Rifle,81650,39.7046,-108.0364,751,970
2052,US,TX,Lancaster,75146,32.5803,-96.744,623,972
2053,US,MD,Linthicum Heights,21090,39.195,-76.6687,512,410
2054,US,TX,Dallas,75218,32.8377,-96.6985,623,214
2055,US,TX,Irving,75062,32.85,-96.9613,623,972
2056,US,NY,New York,10020,40.7584,-73.9794,501,212
2057,US,CT,Wallingford,6492,41.4566,-72.8103,533,203
2058,US,OK,Lindsay,73052,34.8536,-97.6029,650,405
2059,US,VT,Burlington,5401,44.4929,-73.2253,523,802
2060,US,CA,Oroville,95965,39.5051,-121.6765,868,530
2061,US,TX,Coppell,75019,32.9588,-96.9812,623,972
2062,US,FL,Tampa,33607,27.9731,-82.4938,539,813
2063,US,OH,Brecksville,44141,41.302,-81.6145,510,440
2064,US,TX,Mount Enterprise,75681,31.9447,-94.6982,709,903
2065,US,TX,Marshall,75670,32.5352,-94.4253,612,903
2066,US,CO,Durango,81301,37.4509,-107.8488,790,970
2067,US,CT,Shelton,6484,41.3158,-73.1354,501,203
2068,US,TX,Grand Prairie,75051,32.7209,-96.9912,623,972
2069,US,TX,Arlington,76018,32.6585,-97.0898,623,817
2070,US,MN,Minneapolis,55407,44.9355,-93.2505,613,612
2071,US,MN,Minneapolis,55404,44.9645,-93.2617,613,612
2072,US,MN,Minneapolis,55423,44.8784,-93.2793,613,612
2073,US,NY,Jamestown,14701,42.1045,-79.252,514,716
2074,US,MN,Jordan,55352,44.6586,-93.5975,613,952
2075,US,MN,Minneapolis,55442,45.0469,-93.4266,613,763
2076,US,IL,Des Plaines,60018,41.9986,-87.9028,602,847
2077,US,TX,Hurst,76053,32.8151,-97.1734,623,817
2078,US,PA,Monaca,15061,40.6592,-80.3247,508,724
2079,US,TX,Lubbock,79401,33.5903,-101.8519,651,806
2080,US,TX,Bridgeport,76426,33.1519,-97.8399,623,940
2081,US,FL,Panama City Beach,32407,30.2092,-85.7961,656,850
2082,US,PA,Philadelphia,19154,40.0925,-74.9853,504,215
2083,US,CO,Denver,80218,39.7313,-104.9692,751,303
2084,US,IL,Peoria,61614,40.7578,-89.6098,675,309
2085,US,IL,Edelstein,61526,40.9228,-89.6206,675,309
2086,US,WI,Sinsinawa,53824,42.5236,-90.5393,669,608
2087,US,IL,Pekin,61558,40.5545,-89.61,675,309
2088,US,RI,Cranston,2910,41.7775,-71.4333,521,401
2089,US,IL,Sterling,61081,41.8248,-89.7327,682,815
2090,US,IL,East Moline,61244,41.5212,-90.3858,682,309
2091,US,NM,Albuquerque,87111,35.1404,-106.4877,790,505
2092,US,IA,Washington,52353,41.3073,-91.7443,637,319
2093,US,IL,Metamora,61548,40.8133,-89.4087,675,309
2094,US,IA,Cedar Rapids,52401,41.9788,-91.6647,637,319
2095,US,IA,Davenport,52804,41.5325,-90.6631,682,563
2096,US,MI,Ontonagon,49953,46.7781,-89.5968,553,906
2097,US,TN,Greenbrier,37073,36.4326,-86.8257,659,615
2098,US,IL,Havana,62644,40.2931,-90.0222,675,309
2099,US,SC,Hilton Head Island,29928,32.1727,-80.7488,507,843
2100,US,IL,Chicago,60613,41.956,-87.6607,602,773
2101,US,FL,Saint Augustine,32095,30.0312,-81.4054,561,904
2102,US,OH,Strongsville,44136,41.3132,-81.8111,510,440
2103,US,OR,Portland,97210,45.5508,-122.7377,820,503
2104,US,MD,Easton,21601,38.7967,-76.0489,512,410
